1.792429e-03,9.964094e-01,1.852417e-01,6.381858e-01,8.351079e-01,5.816855e-01,4.667774e-02,1.761352e-01,8.581896e-01,5.094712e-01,5.086104e-01,8.078222e-01,1.065252e-01,7.710894e-02,4.461937e-01,4.016157e-01,1.511865e-01,7.861395e-01,2.245596e-01,4.037572e-01,3.133800e-01,6.018423e-01,2.175747e-01,2.862371e-02,1.233495e-01,4.452669e-01,3.467324e-01
5.023019e-03,6.630167e-01,1.142525e-02,6.485463e-01,7.985829e-01,3.029080e-01,7.228641e-01,2.886416e-01,8.262012e-01,2.427034e-01,7.996880e-01,6.878585e-01,9.345921e-01,5.098826e-01,6.741454e-01,2.070411e-01,7.878961e-01,4.198738e-01,6.255806e-01,8.128405e-03,5.809013e-01,2.491830e-01,2.310333e-01,9.857045e-01,8.290219e-01,3.036058e-01,4.013882e-01
1.116088e-02,7.498498e-01,2.937094e-01,1.729259e-01,3.247784e-01,8.361463e-01,8.879323e-01,6.512825e-01,3.451005e-01,4.208909e-01,2.794285e-01,1.884210e-01,9.115815e-01,2.659094e-01,9.974031e-01,1.463408e-01,2.668145e-01,5.534746e-01,7.937961e-01,9.016778e-01,4.412582e-01,3.709975e-01,8.624776e-03,5.202218e-01,5.426220e-01,5.599332e-01,8.071936e-01
1.882179e-02,5.104622e-01,8.345546e-01,8.922105e-01,1.323126e-01,9.343203e-01,8.553301e-01,8.743191e-01,7.135609e-01,9.830463e-01,8.756752e-01,9.172457e-01,3.476012e-01,3.522216e-01,5.624195e-01,1.710715e-01,9.252571e-01,9.968761e-01,3.539738e-01,2.897337e-01,7.275625e-01,8.160886e-03,3.990518e-01,6.168406e-01,6.977884e-01,7.318550e-01,6.500173e-01
2.452846e-02,1.556255e-01,5.553647e-01,2.540490e-02,8.989825e-02,2.026394e-01,4.082588e-01,7.632433e-01,9.422602e-01,2.705029e-01,6.225091e-01,7.593466e-01,2.658310e-01,9.239062e-01,2.516252e-01,6.523423e-01,5.015343e-01,9.779166e-01,9.755323e-01,5.212768e-01,6.539816e-01,1.470303e-01,2.991304e-01,4.663310e-02,9.797160e-01,1.635674e-01,7.306044e-01
2.700817e-02,4.059521e-01,4.876535e-01,4.577339e-01,8.591763e-01,2.007940e-02,7.362967e-01,6.806413e-01,2.458540e-02,5.787186e-01,6.721371e-01,8.358720e-01,7.878626e-01,8.313151e-02,8.233924e-01,8.050656e-01,4.416268e-01,2.254173e-01,9.131963e-01,1.804617e-01,7.614163e-01,8.972487e-01,6.747251e-01,9.554368e-01,1.980544e-01,4.143033e-01,2.823243e-01
3.295896e-02,9.010411e-01,5.994990e-01,4.872388e-01,4.011238e-01,6.883472e-02,7.973606e-01,4.795254e-02,8.615112e-01,7.409882e-01,8.381411e-01,2.459004e-01,3.927965e-01,3.852562e-01,9.765613e-01,7.533350e-01,2.004438e-01,2.469424e-01,5.202103e-01,7.493653e-01,3.089756e-03,4.051477e-01,3.520196e-01,9.613681e-01,9.685487e-01,1.676279e-01,7.827415e-01
3.951430e-02,5.314367e-01,9.944570e-02,6.101071e-01,3.065371e-01,2.277984e-01,8.021746e-01,9.637810e-01,6.533204e-01,7.811637e-01,4.323170e-01,4.410997e-01,4.090941e-01,8.461121e-01,9.520530e-01,3.795121e-01,8.138221e-02,5.398505e-01,7.597450e-01,2.402556e-01,6.332200e-01,2.686965e-01,7.101943e-01,5.260238e-01,9.146884e-01,9.471930e-01,5.986151e-01
4.179401e-02,4.729366e-02,9.830816e-01,1.234803e-02,1.279108e-01,2.548548e-01,8.970595e-01,1.508628e-02,2.425447e-01,3.257227e-01,8.481094e-01,8.862623e-01,5.331993e-01,9.431251e-01,8.082906e-01,4.998631e-01,7.232609e-01,8.181807e-01,4.281148e-01,5.718867e-01,8.510085e-01,1.000422e-01,7.953016e-01,1.471562e-01,2.280269e-01,9.350571e-01,8.482523e-01
4.802115e-02,7.302704e-01,2.443185e-01,2.265651e-01,2.980954e-01,2.466411e-01,9.973607e-01,9.835288e-01,3.942955e-01,5.360463e-01,6.163310e-02,9.580197e-01,1.033205e-01,4.588966e-01,1.861971e-01,3.100944e-01,2.598768e-01,1.504047e-01,7.997867e-01,4.743921e-01,9.808737e-01,6.479779e-01,6.892738e-01,1.610153e-01,6.175593e-01,6.369459e-01,6.415348e-01
5.426510e-02,4.920869e-01,4.088857e-01,7.284577e-01,2.396326e-01,3.238067e-02,7.847048e-01,2.335475e-01,6.501831e-02,8.801408e-01,6.754176e-01,1.176815e-01,6.654360e-01,2.712845e-01,6.496364e-01,1.939592e-01,3.474824e-01,5.639347e-01,7.170712e-01,1.690761e-01,7.658240e-01,8.306612e-01,9.706477e-01,9.255344e-01,8.861744e-01,6.633760e-01,7.059036e-01
5.540075e-02,2.266496e-01,1.620887e-01,4.243497e-01,4.058625e-01,7.339926e-01,4.602206e-01,7.692057e-01,5.748940e-01,3.108329e-01,3.243858e-01,1.116596e-01,2.518478e-01,6.529337e-01,6.804796e-01,2.652419e-01,2.854355e-01,1.552153e-01,7.369205e-01,8.150086e-01,3.715947e-01,5.472833e-01,8.411417e-01,7.916104e-02,5.505606e-02,5.521171e-02,3.896928e-01
6.184222e-02,2.301948e-03,4.503570e-01,9.660597e-01,9.918431e-01,4.167686e-01,2.270931e-01,5.815781e-01,6.826565e-01,7.953977e-01,9.290032e-01,1.525931e-01,1.556461e-01,2.094733e-01,4.592129e-01,9.650991e-01,1.909175e-01,2.577576e-01,9.859941e-01,9.750121e-01,3.295276e-01,3.516517e-01,3.898255e-03,4.023564e-01,5.924245e-01,7.225848e-03,4.507953e-02
6.819403e-02,9.672174e-01,2.282056e-01,4.645372e-01,6.223567e-01,3.583829e-01,9.097857e-01,7.255535e-02,3.561968e-01,6.758225e-03,2.591286e-01,6.948902e-01,1.238322e-02,8.893237e-02,7.164533e-01,8.923869e-01,7.148264e-02,7.008581e-01,2.827737e-01,4.209146e-01,1.716379e-01,5.706992e-01,8.736475e-01,4.082765e-01,3.796716e-01,3.232033e-01,8.119782e-01
7.389582e-02,1.518895e-01,6.028576e-01,2.870422e-01,5.632262e-01,3.740833e-01,8.626594e-01,2.580441e-01,7.642050e-01,1.301414e-01,6.341438e-01,4.686494e-01,3.601050e-01,1.542961e-01,7.392273e-01,6.035615e-01,2.177689e-01,4.877569e-01,1.527395e-01,4.824193e-01,1.883568e-01,7.885978e-01,1.493287e-02,8.744816e-01,8.775990e-01,3.463820e-01,1.605127e-01
7.593390e-02,7.038248e-01,4.471439e-01,5.029495e-01,2.944899e-01,5.772256e-01,5.278591e-01,3.886896e-01,7.940318e-01,6.614517e-01,5.425927e-01,3.098121e-01,1.145268e-01,8.022797e-01,3.734060e-01,8.326419e-01,3.104200e-01,2.301925e-01,5.180001e-01,6.280312e-01,9.431969e-01,7.194789e-01,6.115957e-01,3.200069e-01,2.362445e-01,7.108851e-01,8.947232e-01
8.089181e-02,2.858714e-01,7.225198e-01,1.669642e-01,8.809188e-01,3.272355e-01,3.089426e-01,2.414095e-01,6.049931e-01,7.149247e-01,6.291908e-04,3.169344e-01,3.023784e-01,4.152251e-01,3.863844e-01,6.806551e-01,6.339988e-01,7.182532e-01,4.217328e-01,6.674353e-01,4.238340e-01,1.634689e-01,7.905931e-01,9.147821e-01,2.622878e-01,1.473609e-01,9.729329e-01
8.561019e-02,7.813707e-01,5.351494e-01,9.539204e-01,4.158092e-01,9.261523e-01,8.531162e-01,1.985052e-01,8.155065e-01,1.495761e-01,4.254794e-01,6.132426e-01,8.952725e-01,3.623450e-01,9.709633e-01,2.569772e-01,2.927935e-01,1.061523e-01,3.734008e-01,6.068605e-01,4.267834e-01,6.704465e-02,3.785837e-01,1.988408e-01,6.411416e-01,3.695900e-01,9.355900e-01
9.021097e-02,7.305526e-02,7.674383e-01,7.810969e-01,6.105232e-01,6.858779e-01,4.519362e-01,7.496082e-01,4.249862e-01,4.319516e-01,9.351499e-01,3.453160e-01,3.965718e-01,7.093614e-01,8.860261e-01,9.217300e-01,3.591349e-01,6.744422e-01,9.411434e-02,5.297788e-01,5.128521e-01,9.148714e-01,6.672505e-02,5.425041e-01,5.069715e-01,5.169837e-01,6.669422e-01
9.699445e-02,4.380901e-01,1.651736e-01,9.334113e-01,6.620214e-01,7.247287e-01,5.039916e-01,5.872513e-01,5.439458e-01,1.241230e-02,6.502715e-01,6.639866e-01,5.848175e-04,5.244011e-01,8.179041e-01,1.072019e-01,9.470633e-01,5.763655e-01,3.582382e-01,4.081560e-01,4.111742e-01,5.439858e-01,3.931576e-01,5.333314e-01,3.431474e-03,8.313927e-01,7.699755e-02
1.048101e-01,4.644847e-01,9.461830e-01,8.572390e-01,7.151038e-01,7.648526e-01,4.255160e-01,3.475594e-01,4.417734e-02,2.318759e-01,5.635445e-01,9.374737e-01,3.583123e-01,8.179425e-01,7.166256e-02,3.681843e-02,5.642555e-01,3.594620e-01,1.176434e-01,2.305469e-01,9.476988e-01,7.879788e-02,7.726343e-01,3.641960e-01,5.556706e-01,1.559806e-01,9.598990e-01
1.092705e-01,4.774025e-01,7.380353e-01,2.309491e-01,3.135546e-01,8.233845e-01,3.730270e-01,5.757725e-02,3.170971e-01,7.306441e-01,8.808227e-01,5.731019e-01,7.230321e-01,4.840730e-01,3.332007e-01,5.085182e-01,8.909069e-02,2.122775e-01,9.157191e-01,3.880615e-01,2.484494e-01,3.099904e-01,2.381693e-02,9.513568e-01,8.317856e-01,7.507053e-01,6.324344e-01
1.148241e-01,1.489550e-01,7.959808e-01,9.006268e-01,1.604234e-01,7.531721e-01,3.513906e-01,1.057958e-01,7.653988e-01,6.010940e-01,1.914452e-01,6.098668e-01,9.416015e-01,8.347750e-01,5.133293e-01,1.613769e-01,3.973527e-01,8.495438e-01,3.060633e-02,1.078554e-01,2.384186e-01,8.188194e-01,9.071155e-01,8.525653e-01,2.385016e-02,9.748822e-01,7.023386e-01
1.156422e-01,8.346767e-01,1.313333e-01,5.667599e-01,4.916750e-01,7.998667e-01,3.659309e-01,5.962786e-01,7.513156e-02,7.645913e-01,7.629198e-01,3.615158e-01,4.373438e-01,1.887107e-01,2.008785e-01,6.071194e-01,1.119270e-01,3.184649e-01,1.053335e-01,1.176407e-01,8.867449e-01,1.891876e-01,8.661703e-01,8.828055e-01,7.536809e-01,4.042076e-01,6.019377e-01
1.219274e-01,6.384153e-01,4.930649e-01,8.638791e-01,9.893290e-01,5.160280e-01,8.656477e-01,2.245230e-01,4.506624e-01,3.415682e-01,4.207776e-01,7.861797e-01,1.538445e-01,9.977420e-01,7.248786e-01,1.241419e-02,8.546999e-01,4.978392e-01,8.833212e-01,8.948103e-01,5.961233e-01,3.630736e-01,9.961719e-01,1.688266e-01,8.194110e-01,6.960126e-01,7.211130e-01
1.267521e-01,8.353969e-01,8.862642e-01,9.917540e-01,5.034197e-01,3.910914e-01,2.231924e-01,1.549243e-01,4.688054e-01,3.903936e-01,4.686565e-01,2.212785e-01,4.978508e-01,2.851072e-01,5.070951e-01,4.291268e-01,9.366968e-01,5.483343e-02,6.778008e-01,3.663356e-01,2.862977e-01,1.287563e-01,3.126155e-01,6.961287e-01,1.664508e-01,8.355942e-01,3.584412e-01
1.348283e-01,1.197592e-01,8.906151e-01,4.030045e-01,6.090378e-02,2.684935e-01,4.580638e-01,9.370848e-01,9.340418e-01,2.410246e-02,5.125486e-01,8.031454e-01,4.429908e-01,5.276340e-01,4.251049e-02,3.248361e-02,4.276953e-01,8.275029e-01,5.277062e-01,6.471460e-01,5.688508e-01,7.942531e-01,9.281831e-01,4.896883e-01,3.369169e-01,4.846582e-01,3.717986e-02
1.389703e-01,1.709407e-01,6.766590e-01,9.211949e-01,2.076972e-01,9.479334e-01,4.453215e-01,4.874522e-01,1.967506e-01,4.475528e-01,1.151772e-01,1.235156e-01,1.374316e-01,3.388544e-01,3.560959e-01,9.176961e-01,8.317418e-01,6.905137e-01,3.784672e-01,2.705986e-01,7.224942e-01,4.411483e-01,6.941542e-01,5.570266e-01,5.399119e-01,1.720289e-01,5.606859e-01
1.406316e-01,5.786091e-01,2.634953e-01,3.934444e-02,4.661530e-01,5.384498e-01,5.451014e-01,7.047296e-01,7.231553e-01,3.561852e-01,1.816148e-01,6.444366e-02,9.779125e-01,3.258829e-01,5.755899e-01,1.198077e-01,7.371342e-01,6.524397e-01,9.519427e-01,8.846271e-01,6.428889e-01,3.798914e-01,5.911572e-02,7.304614e-01,4.968960e-01,1.904624e-01,3.296764e-01
1.481809e-01,3.996503e-01,4.841791e-01,2.714832e-01,7.832359e-03,3.438751e-01,2.075834e-01,9.222636e-01,1.734658e-01,8.590882e-01,6.158625e-01,7.916406e-01,6.224242e-01,6.691356e-01,3.753852e-03,8.639239e-01,4.495575e-01,9.109273e-01,4.113801e-01,8.419070e-01,1.685615e-01,9.542982e-01,3.098236e-01,4.660848e-01,5.189022e-01,4.327363e-01,2.009301e-01
1.532886e-01,4.272864e-01,3.688338e-01,6.837963e-01,7.094229e-01,1.175331e-02,1.149000e-01,5.281614e-01,2.586357e-01,5.198500e-01,7.173374e-01,5.232945e-01,9.023358e-01,3.106744e-01,4.992738e-01,8.935104e-02,6.463721e-01,7.754333e-01,6.957270e-01,2.067394e-01,1.620845e-01,5.520961e-01,4.378379e-01,9.408007e-01,1.328803e-01,1.542657e-01,7.923239e-01
1.557718e-01,1.094488e-02,9.916498e-01,8.774567e-01,5.841639e-01,4.051100e-01,7.053948e-01,7.230127e-01,7.804966e-01,2.621797e-01,7.924520e-01,4.738469e-01,4.716877e-02,4.530549e-01,3.277161e-01,8.394929e-01,6.656555e-01,7.821820e-01,2.168991e-01,5.906890e-01,4.858538e-01,6.624242e-01,6.758549e-01,6.675536e-01,1.412318e-01,3.429505e-02,4.758510e-01
1.629766e-01,9.922604e-01,8.790650e-01,6.987834e-01,9.104236e-01,5.907407e-01,1.724702e-01,3.525989e-01,5.677970e-02,5.448987e-01,1.616893e-01,2.893027e-01,9.608944e-01,6.246240e-01,8.451637e-01,5.682033e-01,5.836235e-01,5.846620e-01,6.224461e-01,9.908812e-02,2.660788e-01,1.247848e-01,1.118131e-01,6.333203e-01,2.685549e-01,3.788359e-01,5.271006e-01
1.656806e-01,2.743419e-01,6.176223e-01,1.613094e-01,9.485730e-01,7.080950e-01,8.183756e-01,3.803186e-01,8.444187e-01,8.310822e-02,2.184375e-01,2.566415e-01,2.435758e-02,7.305846e-02,1.985947e-02,4.619912e-01,3.880554e-01,2.445299e-01,4.985352e-01,9.580765e-01,7.773822e-01,3.276137e-01,8.319889e-01,9.249862e-01,3.617511e-01,1.980286e-02,5.395835e-01
1.746870e-01,7.754594e-01,5.933306e-03,2.058753e-01,3.265036e-01,5.994328e-01,3.920691e-01,3.366397e-01,7.063345e-01,6.232746e-01,5.790359e-01,8.437321e-01,6.321355e-01,8.769938e-01,1.796055e-01,9.128832e-01,1.304499e-02,7.991924e-02,9.329399e-01,5.030326e-01,8.431742e-01,9.640784e-01,9.637061e-01,6.592383e-02,9.993439e-02,2.615880e-01,4.146551e-01
1.769981e-01,2.904023e-01,2.641651e-02,8.449625e-01,8.207234e-01,9.092613e-01,1.508964e-01,8.214185e-01,1.473525e-01,5.690232e-01,9.065197e-02,2.812080e-01,1.436761e-01,2.805335e-01,2.646445e-02,9.784655e-01,7.565446e-01,1.992231e-01,6.387724e-01,2.146856e-02,1.911901e-01,3.675550e-01,8.131267e-01,4.760492e-01,6.879183e-01,5.294920e-01,6.947781e-01
1.813802e-01,4.431513e-01,8.783212e-02,3.273430e-01,7.467835e-01,7.495214e-02,8.341659e-01,2.669322e-01,3.791588e-01,3.091358e-01,5.247259e-01,7.405444e-01,9.382704e-01,4.080280e-01,5.283359e-01,6.853199e-01,4.248361e-02,2.529110e-01,9.398000e-01,5.180905e-01,9.262207e-01,3.135774e-01,9.433476e-01,9.337066e-02,3.817879e-01,6.672408e-02,5.511447e-01
1.896173e-01,8.747461e-01,8.036474e-01,5.341511e-01,1.665136e-01,5.124983e-01,5.550004e-01,6.671333e-01,9.299200e-01,5.637028e-01,8.716656e-01,9.662008e-01,3.793835e-01,3.653914e-01,3.063959e-01,2.540961e-01,6.244626e-01,9.334894e-02,7.410423e-01,8.336698e-01,3.340123e-01,6.419729e-01,2.520328e-01,5.193832e-01,7.070278e-01,9.078988e-01,1.925210e-01
1.923632e-01,6.484969e-01,5.363871e-04,7.185292e-01,9.267405e-01,6.684520e-01,7.922130e-01,9.139099e-01,2.737339e-01,3.090716e-02,8.997839e-01,8.963985e-01,2.570192e-01,6.493937e-01,2.570867e-01,6.124121e-02,6.009816e-01,6.755792e-02,5.458170e-01,5.882038e-01,6.212121e-01,6.299977e-01,5.848055e-01,8.859885e-01,3.675677e-01,4.189836e-01,6.276170e-01
1.980181e-01,5.671866e-02,4.695528e-01,7.010944e-01,8.072957e-01,2.987058e-01,9.882098e-01,5.613671e-01,8.231728e-01,5.542308e-01,1.732342e-01,5.901792e-01,7.117253e-01,2.195381e-01,2.082403e-01,8.176789e-01,5.520329e-01,8.248818e-01,5.138118e-01,9.143748e-01,3.819664e-01,6.232694e-01,9.472666e-01,8.098143e-01,5.780182e-01,3.552519e-02,2.319373e-01
2.007696e-01,3.682324e-01,7.554022e-01,5.744526e-01,2.879846e-01,4.217921e-01,8.740124e-01,6.123039e-01,6.569644e-01,2.523889e-01,2.662035e-02,9.631586e-01,2.603314e-01,6.070606e-01,5.703578e-01,6.945980e-01,5.959562e-01,4.484986e-01,6.722089e-01,6.010855e-01,9.558188e-01,8.477368e-01,6.310094e-01,2.642473e-01,3.259765e-01,1.964258e-01,5.677619e-01
2.084099e-01,8.608016e-01,4.663851e-02,5.552913e-01,8.002342e-01,5.713628e-01,2.542359e-02,4.556232e-01,5.558729e-01,1.001695e-01,2.501201e-01,8.044707e-02,2.767742e-02,8.562866e-01,1.586284e-01,6.396126e-01,9.811840e-01,2.605191e-01,3.270798e-01,7.978840e-01,2.627865e-01,7.424814e-01,4.261310e-01,3.960905e-01,5.295565e-01,7.494514e-01,2.520860e-01
2.126950e-01,4.121189e-01,2.699231e-01,8.325816e-01,6.072594e-01,1.591802e-01,9.816690e-01,2.492292e-01,4.492414e-01,4.187511e-01,2.860404e-01,5.951726e-01,2.137662e-01,5.333842e-01,1.265224e-02,9.041086e-02,2.398399e-01,3.540345e-01,1.318479e-01,6.706212e-01,4.920003e-01,8.873352e-01,2.493767e-01,9.465030e-01,5.807707e-01,7.905960e-01,7.124430e-02
2.156155e-01,1.925143e-01,8.456690e-01,2.029511e-01,6.962068e-01,5.079251e-01,2.777262e-01,5.447853e-01,9.204271e-01,2.698723e-01,3.051472e-01,9.866362e-01,8.251076e-01,7.611530e-01,3.394460e-01,3.279791e-01,9.195257e-01,7.294903e-01,1.381289e-02,3.415976e-01,2.997709e-01,2.440750e-01,1.346581e-01,8.040095e-01,9.528869e-01,2.529277e-01,8.577007e-01
2.204580e-01,8.690076e-01,2.586939e-01,1.238988e-01,8.333267e-01,4.146147e-01,2.999526e-01,7.763628e-01,3.269528e-01,4.519920e-01,5.332622e-01,4.518536e-01,6.939347e-01,9.397959e-01,1.693293e-01,1.981147e-01,3.030878e-02,3.661888e-02,9.809426e-01,8.689299e-01,5.574219e-01,3.869503e-01,8.169132e-01,5.076659e-01,4.500572e-01,3.406624e-01,7.468530e-01
2.275954e-01,1.651521e-01,3.048710e-01,9.822176e-01,5.535654e-01,3.121191e-01,4.828629e-01,5.732674e-01,4.988895e-01,1.867630e-02,7.581348e-01,5.747092e-02,1.672993e-01,5.829700e-01,5.673901e-01,9.045557e-01,5.937424e-01,6.168761e-01,7.427827e-02,6.305301e-01,1.436904e-02,7.201736e-01,7.152647e-01,2.926749e-01,5.040297e-01,8.498208e-01,1.224686e-01
2.327659e-01,7.084143e-01,5.208587e-01,5.105863e-01,7.037822e-01,2.384668e-01,2.820341e-01,7.058797e-01,3.866512e-01,1.707174e-01,1.562711e-01,8.521883e-01,3.226336e-01,5.992844e-01,8.044454e-01,2.968675e-01,2.079166e-01,4.226816e-01,3.463431e-03,6.222109e-01,5.447611e-01,7.493347e-01,5.010848e-01,8.669289e-01,4.174461e-01,2.752727e-01,9.548753e-01
2.384796e-01,5.969795e-01,7.411978e-01,3.201305e-01,4.424706e-02,8.162093e-01,6.243048e-01,1.928317e-01,6.362016e-01,4.610459e-01,3.939910e-01,5.330075e-01,9.497636e-01,2.475841e-01,4.186332e-01,8.297450e-01,1.526919e-02,6.011759e-01,8.552182e-01,3.501776e-01,1.841388e-01,5.758899e-01,1.059575e-01,6.069690e-01,2.953692e-01,3.203688e-03,2.797402e-01
2.409698e-01,4.329487e-01,3.110742e-02,2.591823e-01,3.781689e-01,8.567458e-01,1.328967e-02,3.183275e-01,2.790502e-02,1.603770e-01,3.340427e-01,2.614397e-01,1.984796e-01,6.042066e-01,4.516116e-01,2.931740e-01,3.161584e-01,9.401641e-01,7.547302e-01,1.031946e-01,5.152741e-01,4.714701e-01,5.594538e-01,4.722754e-01,9.182398e-01,9.171746e-01,8.532059e-02
2.488766e-01,1.812748e-01,1.436385e-01,8.800455e-01,3.644972e-02,2.811613e-01,9.008575e-01,2.037165e-01,8.852010e-01,4.678291e-03,5.213968e-02,6.726198e-01,7.558178e-01,6.556812e-01,9.348477e-01,9.916337e-01,4.177629e-01,5.742516e-01,5.021979e-01,8.743934e-01,5.317872e-01,9.005616e-01,1.552671e-01,2.259690e-02,5.471714e-01,2.471970e-01,6.112826e-01
2.548012e-01,3.270691e-01,6.126435e-01,8.130101e-01,1.077130e-01,4.678719e-01,7.757254e-01,9.978099e-01,7.376151e-01,9.320120e-01,5.396129e-01,6.444211e-01,5.887070e-01,7.576433e-01,8.402993e-01,3.074999e-01,6.392246e-01,5.001207e-01,4.854514e-01,1.104090e-01,5.098187e-01,8.145055e-01,2.762029e-01,7.017275e-01,9.360838e-01,1.797541e-01,4.860574e-01
2.551362e-01,7.703322e-01,2.782525e-01,2.239923e-01,5.302935e-01,4.041364e-01,3.203933e-01,8.821767e-01,5.637967e-01,8.265895e-01,3.847903e-01,8.344629e-01,6.597468e-01,7.345853e-01,8.360963e-01,9.700267e-01,8.695750e-01,1.715720e-01,4.009143e-01,1.629586e-02,3.790143e-01,4.217405e-01,6.449193e-01,5.725322e-01,1.894166e-02,2.078066e-02,8.610907e-01
2.640506e-01,5.253193e-01,4.711529e-01,3.887075e-01,4.350887e-01,7.722723e-01,7.699619e-01,6.212205e-01,8.837909e-01,6.904648e-02,4.935404e-01,2.281314e-01,5.663377e-01,7.355285e-01,5.009616e-01,2.885919e-01,6.873425e-01,8.509566e-01,6.824781e-02,6.447463e-01,2.828677e-01,8.070082e-01,1.979276e-01,7.925271e-01,8.439457e-01,2.913139e-01,9.982467e-02
2.690594e-01,2.847701e-01,8.384113e-01,7.121481e-01,1.328019e-03,1.242068e-01,1.642851e-02,7.506155e-01,5.496013e-01,8.183750e-01,3.388768e-01,1.973568e-01,5.238986e-01,5.546927e-01,4.370765e-01,5.717830e-02,2.113806e-01,6.294735e-02,6.007607e-01,1.427805e-01,3.602553e-01,7.972513e-01,2.257463e-01,1.771307e-02,9.096549e-01,1.232294e-01,7.655781e-01
2.732907e-01,3.431198e-01,4.103859e-01,7.515570e-01,2.817453e-01,8.139872e-01,7.504216e-01,1.474196e-01,9.724383e-01,8.471289e-01,7.659490e-01,8.744522e-01,9.740337e-01,1.801404e-01,7.251393e-01,9.503631e-01,3.391453e-01,2.004302e-01,8.664521e-01,7.877436e-01,9.685572e-02,3.831013e-01,1.801994e-01,3.237145e-02,4.667099e-01,8.834871e-01,1.857833e-01
2.750160e-01,3.042011e-01,3.688019e-02,5.518069e-01,2.793804e-01,6.168268e-01,5.847784e-01,6.579266e-01,8.726345e-01,6.197804e-01,1.113911e-01,3.544157e-01,7.187536e-01,2.973841e-01,3.531419e-02,8.787627e-01,7.768598e-01,9.508892e-02,7.642816e-01,8.240541e-01,9.044337e-01,1.592730e-01,5.134047e-01,4.841093e-01,4.632910e-01,7.241236e-01,3.804824e-01
2.840520e-01,9.779277e-01,7.498791e-01,8.987914e-01,5.994476e-01,3.854128e-01,1.809848e-01,4.269502e-02,5.824772e-01,3.023949e-01,2.410693e-01,9.303768e-01,3.159198e-01,4.379534e-01,3.177394e-01,1.410738e-01,9.713707e-01,6.410512e-01,1.599390e-01,6.413221e-02,9.244577e-01,6.199297e-01,4.145367e-01,4.097416e-02,4.917653e-01,7.281298e-01,9.908645e-01
2.886257e-01,3.944153e-01,3.475551e-01,1.397770e-01,5.830851e-02,3.604429e-01,6.805155e-01,4.914905e-01,3.714639e-01,4.808243e-01,3.607013e-01,9.247481e-01,2.348486e-01,2.011337e-01,7.742670e-02,4.242359e-01,2.260726e-01,3.607628e-01,6.872811e-01,8.881854e-01,4.175262e-01,4.509376e-02,3.666359e-01,1.435808e-01,6.705512e-01,7.381934e-01,5.781857e-01
2.916418e-01,6.989961e-01,6.853309e-01,3.667799e-01,5.114644e-01,9.187466e-01,2.932099e-01,5.211602e-01,2.007802e-01,5.202717e-01,4.825928e-01,7.149440e-02,2.433093e-01,5.482600e-01,4.735731e-01,8.103358e-01,6.777669e-01,7.676025e-01,2.104725e-01,4.986718e-01,6.690079e-01,1.761093e-01,6.644061e-01,3.446779e-01,4.019022e-01,3.292788e-01,2.744686e-03
2.990102e-01,9.422903e-01,3.908386e-01,8.226307e-01,5.862967e-01,6.104190e-01,5.903041e-02,4.730479e-01,9.970410e-01,4.047444e-01,8.645339e-01,9.411668e-01,4.733016e-01,2.522739e-02,1.289260e-01,5.511333e-01,7.728413e-01,6.603751e-01,2.576407e-01,8.481932e-01,7.953332e-01,2.114459e-01,1.156394e-01,7.398623e-01,1.552131e-01,4.448721e-01,8.293044e-01
3.029719e-01,8.993623e-01,4.325496e-01,5.758138e-01,5.792115e-01,4.592748e-01,7.125979e-01,8.274243e-01,3.020265e-01,9.927995e-01,7.225630e-01,3.788745e-01,7.461177e-01,3.095488e-01,6.228470e-01,5.240275e-01,6.949232e-01,4.390875e-01,2.745856e-01,3.140355e-01,7.905240e-01,8.579144e-01,3.332689e-01,8.944838e-01,2.572394e-01,2.022286e-01,6.625055e-01
3.077395e-01,7.592115e-01,3.153063e-01,9.878286e-01,6.853890e-01,2.713926e-01,3.861071e-02,3.209419e-01,6.606966e-01,3.601154e-02,4.170700e-01,5.127736e-01,8.051398e-01,7.694216e-01,3.648326e-01,8.418222e-01,4.555514e-01,1.150657e-01,1.351926e-01,4.928124e-01,7.166243e-01,6.559994e-01,2.932684e-01,3.287786e-01,5.747970e-01,9.239377e-01,9.864208e-01
3.143343e-01,6.520792e-01,3.201606e-01,7.883186e-01,2.142514e-01,9.390969e-01,7.425894e-01,5.116914e-01,3.099758e-01,9.882360e-01,5.188141e-01,7.614204e-01,5.601912e-01,9.751730e-01,2.269973e-02,4.458510e-01,9.575043e-01,4.705843e-01,1.829923e-02,3.813611e-01,1.515532e-01,8.942404e-01,5.053079e-01,2.320657e-01,6.457243e-01,9.346413e-01,4.453176e-02
3.173542e-01,8.593902e-01,8.538864e-01,2.257988e-02,2.605661e-02,9.417546e-01,9.334285e-01,9.896517e-01,5.389990e-01,7.385864e-01,4.885490e-01,4.143115e-01,4.248903e-01,7.117072e-01,1.320086e-01,4.554859e-01,5.476390e-02,4.755054e-01,4.340437e-01,6.399790e-01,8.308936e-01,9.804688e-01,4.437432e-01,6.573214e-01,2.883491e-01,7.935465e-02,4.346286e-01
3.221141e-01,8.191572e-01,1.001636e-01,8.784630e-02,2.576748e-01,7.012912e-01,6.566909e-01,6.436697e-01,1.447060e-01,8.146168e-01,9.129850e-01,9.481917e-02,5.906842e-01,1.498382e-01,9.694282e-01,6.427607e-01,9.059385e-01,6.815845e-01,2.695897e-01,8.290167e-01,8.735640e-01,1.308012e-01,1.947263e-01,8.440034e-01,9.839788e-01,9.576781e-01,2.174708e-01
3.290751e-01,9.560781e-01,6.501314e-01,6.068306e-01,1.925810e-01,2.919262e-01,1.389735e-01,6.768431e-01,1.184077e-01,2.239358e-01,6.909332e-02,2.670862e-01,4.645508e-01,1.071145e-01,3.955002e-01,4.136576e-01,2.341079e-02,1.634721e-01,2.027520e-01,5.359492e-01,2.920519e-01,2.294917e-01,1.359519e-01,8.214095e-01,1.899732e-01,7.860604e-01,2.791528e-02
3.300983e-01,7.206953e-01,6.461365e-01,1.872372e-01,2.677476e-01,8.832026e-01,5.644852e-01,3.100978e-01,9.792723e-01,3.174812e-01,8.042163e-01,1.324320e-01,5.964645e-01,5.635264e-01,3.465564e-01,4.328465e-01,3.507190e-02,8.446168e-01,8.871517e-01,5.167907e-02,3.023953e-01,5.174122e-01,4.043896e-01,9.844531e-01,6.578803e-01,9.853480e-01,6.665754e-02
3.375009e-01,2.467471e-01,4.634788e-01,7.950872e-01,5.292060e-02,9.734210e-01,9.556710e-01,4.023639e-01,1.760398e-02,1.890471e-01,9.746868e-02,9.635553e-02,9.992403e-01,5.190408e-02,6.106975e-01,4.410790e-01,7.144500e-01,4.308528e-01,5.895943e-02,1.247522e-01,8.624234e-01,1.275733e-02,2.385603e-01,6.203258e-02,7.464282e-01,6.219704e-01,8.246671e-01
3.449152e-01,3.574318e-01,7.820751e-01,4.113229e-01,7.539269e-02,8.057839e-01,7.466937e-01,7.922443e-01,2.380158e-01,7.592407e-01,4.806201e-02,8.783809e-01,8.848097e-01,2.318653e-01,3.120198e-01,4.077949e-01,1.983437e-01,5.213919e-01,4.373942e-01,2.559998e-01,3.050768e-01,6.877194e-01,4.069186e-01,5.854184e-01,7.031145e-01,8.793220e-01,9.980012e-01
3.465336e-01,2.010650e-01,2.977270e-01,3.874094e-03,3.315462e-01,3.672498e-01,3.459054e-01,6.354782e-01,6.973103e-01,8.774429e-01,9.401200e-01,5.870179e-01,5.518829e-03,5.909193e-01,7.427351e-01,8.655362e-01,1.419232e-01,5.917972e-01,7.619002e-03,7.527028e-01,7.837014e-01,8.390843e-01,4.690963e-02,9.663387e-01,6.679035e-01,8.004991e-01,4.669910e-01
3.528884e-01,9.642324e-01,1.140295e-01,9.960657e-01,3.161832e-01,3.067078e-01,1.795016e-01,1.714961e-01,6.864627e-01,3.229511e-01,5.899839e-01,3.412365e-02,5.834428e-01,2.427126e-01,9.376175e-01,6.690425e-01,9.373634e-03,6.894675e-01,3.669540e-02,1.715255e-03,4.388457e-01,3.901286e-01,9.308362e-01,7.000854e-02,4.760254e-01,5.764736e-01,1.093875e-01
3.587709e-01,5.015676e-02,9.695332e-01,5.624988e-01,9.049065e-01,5.462763e-02,1.051861e-01,2.284383e-02,1.131925e-01,2.754767e-01,2.339726e-01,9.827388e-01,6.636418e-01,3.218880e-02,7.530229e-01,2.031065e-02,7.099283e-01,8.777322e-02,2.260982e-01,3.072166e-01,2.762483e-01,2.932786e-01,8.024744e-02,2.264718e-01,7.694239e-01,6.081012e-01,3.778463e-01
3.631246e-01,2.511671e-01,2.165418e-01,9.621579e-01,1.871147e-01,1.483849e-01,9.545306e-01,8.554041e-01,6.248304e-02,3.807130e-01,9.995040e-01,7.139709e-01,2.034703e-01,8.683894e-01,4.814011e-01,4.741709e-01,1.585686e-01,5.474994e-01,9.441458e-01,7.902911e-01,6.489215e-01,7.005495e-01,2.029030e-01,5.534015e-01,5.892594e-01,2.890149e-01,4.521856e-01
3.683367e-01,9.142169e-01,4.181040e-01,9.733305e-01,9.619933e-01,9.046883e-01,5.428078e-01,2.710723e-01,9.133534e-01,7.222468e-01,5.995629e-02,8.472749e-01,6.281143e-01,1.041055e-01,6.784069e-01,7.226142e-01,5.264810e-01,8.986535e-01,5.394472e-01,3.997936e-01,8.926003e-01,5.317389e-02,4.300343e-01,7.509810e-01,3.430515e-01,9.253030e-01,9.043081e-01
3.714825e-01,4.984986e-01,5.191346e-01,6.229821e-02,6.915338e-01,1.979067e-01,1.580711e-01,3.995923e-01,3.394449e-01,1.100591e-01,5.043667e-01,7.787310e-02,6.484294e-01,4.618036e-01,5.538705e-01,3.643658e-01,5.376282e-01,2.780601e-01,2.051256e-01,3.762808e-01,2.569219e-01,7.675886e-01,7.821750e-01,7.552361e-01,2.216147e-01,5.087367e-02,1.301040e-01
3.789221e-01,7.959449e-01,7.540540e-02,2.610223e-01,6.351021e-01,9.505106e-01,3.766719e-01,2.519189e-02,8.450055e-01,5.837525e-02,4.991848e-01,9.756745e-01,9.259308e-01,5.690733e-01,7.096394e-01,7.639760e-01,5.683088e-01,3.929603e-01,2.171167e-02,8.023001e-01,5.613493e-01,5.041204e-01,9.004212e-01,4.550330e-01,5.128633e-01,7.555821e-01,4.398971e-01
3.834449e-01,9.511694e-01,9.568309e-01,4.837657e-01,2.019081e-01,4.612332e-01,2.108134e-01,2.820615e-01,7.294381e-01,8.078470e-01,4.576471e-01,2.771200e-02,2.925249e-01,9.727184e-01,1.985062e-01,7.305619e-01,3.413600e-01,3.847097e-01,9.552728e-01,3.208677e-01,7.090544e-01,9.697135e-01,5.690131e-01,6.102702e-01,6.546233e-01,6.927816e-01,8.043514e-01
3.891547e-01,2.121238e-01,1.964951e-01,3.539579e-01,9.064924e-01,6.331349e-01,1.638921e-01,1.207938e-01,4.006685e-01,6.954595e-01,4.619320e-01,4.311334e-01,5.031888e-01,3.575056e-01,4.289207e-01,7.912634e-01,7.927315e-01,7.065123e-01,4.496092e-01,5.515779e-01,3.041273e-02,8.294345e-02,1.272389e-01,5.644209e-01,6.029523e-01,3.904998e-01,3.672749e-01
3.912215e-01,3.884943e-01,1.539314e-02,4.749450e-01,3.570783e-01,6.955185e-01,1.448712e-01,1.891636e-01,8.505456e-01,3.850116e-01,8.229691e-01,9.137450e-01,6.191037e-01,7.902427e-01,6.251162e-01,6.195375e-01,3.733037e-01,2.860996e-02,2.784502e-01,7.024182e-01,3.359272e-01,2.953747e-01,5.739942e-01,2.573327e-01,2.135267e-01,1.151783e-01,3.134291e-01
3.992958e-01,1.888340e-01,9.014733e-01,6.004331e-01,7.902582e-01,6.548825e-01,4.347847e-01,1.111597e-01,5.947078e-01,6.301211e-01,9.501545e-01,4.372011e-01,2.721907e-01,3.436097e-01,1.935130e-01,4.782957e-01,4.851957e-01,1.331632e-01,5.571001e-01,8.891913e-02,1.477484e-01,5.896874e-01,4.704958e-01,1.090163e-01,7.910062e-01,4.861311e-01,1.259453e-01
4.042355e-01,5.221198e-01,5.433175e-01,5.908701e-01,1.956525e-01,2.798075e-01,5.548243e-01,7.871171e-01,2.853801e-01,2.957634e-01,3.292904e-02,9.733946e-01,9.187588e-01,6.365269e-01,3.651820e-01,5.144645e-01,4.377782e-01,7.002285e-03,8.706825e-01,9.329871e-01,2.026629e-01,9.467216e-02,7.337824e-01,5.840214e-01,4.252987e-01,7.329350e-02,5.010851e-02
4.063563e-01,9.271336e-01,2.460608e-01,3.164112e-01,7.653922e-01,1.425599e-01,5.356475e-01,5.314789e-01,1.179191e-02,8.983122e-01,7.504850e-01,2.034323e-01,4.656438e-01,9.266605e-01,8.294067e-01,7.023783e-01,3.291887e-01,4.204769e-02,2.622468e-01,8.200861e-02,2.535448e-02,2.722971e-01,3.020525e-01,8.184699e-01,3.028177e-01,4.706191e-01,7.572075e-01
4.148172e-01,9.330882e-01,5.875146e-01,2.455319e-01,8.172603e-01,4.529870e-01,6.764816e-01,6.257209e-01,5.126372e-01,9.629433e-01,8.571499e-01,3.105505e-01,8.346669e-01,2.916316e-01,2.977076e-01,7.182991e-01,9.343283e-01,7.511489e-01,8.460673e-01,2.537421e-01,5.399466e-02,1.440197e-01,3.611543e-01,3.502363e-01,1.214135e-02,6.440424e-01,7.383061e-01
4.187970e-01,3.214652e-02,5.717216e-01,6.652889e-01,1.492592e-01,8.778454e-01,3.445911e-01,9.300418e-01,3.954140e-01,3.676263e-01,6.611813e-01,5.802309e-01,3.675157e-01,4.021418e-01,9.973228e-02,1.397870e-01,8.975221e-01,9.355306e-01,9.213090e-01,8.980154e-01,9.185370e-01,7.600113e-01,7.270825e-01,3.056515e-01,8.459221e-01,3.134497e-01,8.420568e-01
4.215113e-01,4.564973e-01,6.551049e-01,2.110236e-01,6.816435e-01,7.866110e-01,6.931472e-01,1.433902e-01,6.664601e-01,9.274080e-01,7.381302e-01,6.818450e-01,5.724622e-01,1.912704e-01,3.802688e-01,9.259657e-01,3.531258e-01,6.653067e-01,8.241883e-01,4.560526e-01,8.223680e-01,5.299592e-01,8.780912e-02,9.718945e-01,5.958323e-01,9.137878e-01,5.576422e-01
4.261913e-01,3.397938e-01,6.381321e-01,8.663045e-01,5.157500e-01,9.760424e-01,8.364458e-02,7.345123e-01,1.943722e-01,9.987318e-02,1.062385e-01,3.562680e-01,9.674896e-01,2.548629e-01,1.385383e-01,7.954709e-01,2.496579e-01,9.235094e-01,6.122413e-02,1.434212e-02,1.065113e-01,9.522619e-02,8.924849e-01,1.758246e-01,1.610983e-01,9.673531e-01,7.131182e-01
4.304519e-01,9.179279e-01,5.093900e-01,1.558349e-01,1.109890e-01,1.617134e-01,6.853146e-01,9.424454e-01,8.693396e-02,9.004073e-01,2.601772e-01,4.287847e-01,7.406974e-01,1.362907e-01,3.929443e-01,8.473136e-01,8.437423e-01,7.402751e-01,1.049225e-01,3.273387e-01,9.923243e-01,6.915421e-01,3.157449e-01,1.515429e-01,9.636879e-01,8.934396e-01,8.806342e-01
4.358093e-01,5.880631e-01,5.777848e-01,4.286865e-01,4.720543e-01,4.826153e-01,7.021165e-01,8.304258e-01,4.791024e-01,3.648509e-01,2.359058e-01,3.861250e-01,3.437951e-01,9.694750e-01,6.944933e-01,4.867661e-01,6.279520e-01,9.060571e-01,6.144706e-01,9.956566e-01,7.971855e-02,3.360697e-01,1.892480e-01,6.508166e-01,1.734346e-01,1.143695e-01,4.815095e-01
4.438863e-01,6.697024e-01,2.313220e-01,6.614835e-01,8.471552e-01,3.977047e-01,2.539925e-01,3.436113e-01,1.563380e-01,3.307839e-01,7.963412e-02,1.267920e-01,3.397360e-01,2.214113e-01,9.555273e-01,2.442173e-01,7.735519e-02,3.498721e-01,2.952667e-01,1.606656e-01,9.602313e-01,2.597793e-01,8.810368e-01,2.049280e-03,4.306532e-01,5.357303e-01,3.986862e-01
4.481058e-01,5.183860e-01,4.001195e-01,6.274355e-01,2.742739e-01,5.533395e-01,8.261869e-01,1.055337e-02,3.648863e-01,2.936524e-01,3.159147e-01,3.212320e-01,1.622477e-01,1.969582e-01,9.946144e-01,6.834552e-02,5.452293e-01,7.219479e-01,4.425747e-01,3.927084e-01,7.430874e-01,4.696688e-01,3.721863e-01,4.444599e-01,2.052409e-01,7.655166e-01,5.202645e-01
4.511156e-01,8.471829e-01,9.170469e-02,2.192275e-01,4.912925e-02,2.372593e-03,4.736543e-01,9.519316e-01,9.472679e-01,1.415063e-01,9.862331e-01,5.544890e-01,3.100684e-01,6.088907e-02,7.478488e-01,3.034352e-01,3.243446e-01,4.621488e-01,8.756654e-02,7.141965e-01,9.794093e-01,8.441162e-01,2.864582e-01,6.742773e-01,5.656248e-01,2.591119e-01,7.252802e-01
4.599990e-01,4.219011e-01,6.705885e-01,1.783391e-01,1.183869e-01,6.489555e-01,2.332934e-01,8.120204e-01,1.259940e-01,5.492631e-01,7.743228e-01,5.753369e-01,8.116851e-01,2.129193e-01,2.169275e-01,9.860482e-02,5.780166e-01,3.136366e-01,7.083365e-01,3.176060e-01,6.160461e-01,4.298135e-01,8.627790e-01,3.452693e-01,6.799155e-01,4.080964e-01,1.840401e-01
4.600763e-01,6.255137e-01,7.782648e-01,1.107038e-01,9.842672e-01,6.936586e-01,9.947306e-01,1.848827e-01,4.443916e-01,1.203218e-01,8.062478e-01,8.688657e-01,6.508574e-01,2.035031e-02,8.715436e-01,7.398393e-01,4.337503e-01,8.625804e-01,6.422706e-01,4.977002e-02,8.158164e-01,9.076724e-01,9.892514e-01,1.398913e-02,2.900000e-01,5.708348e-01,9.262558e-01
4.653780e-01,8.074597e-01,3.108110e-01,7.386868e-01,7.265431e-02,5.472000e-01,3.815454e-01,7.596312e-01,1.628233e-01,3.759323e-01,7.308514e-02,6.985796e-01,5.366076e-02,3.480745e-01,1.156347e-01,7.492880e-01,3.848420e-01,8.043015e-02,8.293793e-01,6.162516e-01,8.765331e-01,4.901244e-01,6.252286e-01,1.033938e-01,4.451500e-01,6.266846e-01,6.052453e-01
4.701851e-01,6.438988e-01,8.650206e-01,7.930816e-01,3.876416e-01,4.482494e-01,1.312211e-01,6.990901e-01,2.195336e-01,1.753888e-01,6.963874e-01,3.306615e-01,9.912224e-01,9.018076e-02,9.299785e-01,6.985299e-01,8.378101e-01,1.239987e-02,1.440346e-01,9.851988e-01,8.042392e-01,5.615964e-01,8.898490e-01,8.648892e-01,8.682017e-01,5.055419e-01,5.843328e-01
4.797660e-01,7.947278e-01,7.147745e-01,8.525291e-01,1.007008e-01,4.957833e-01,6.496503e-01,5.677601e-01,2.124520e-01,8.500179e-01,2.986329e-01,4.559168e-01,5.448047e-01,1.180697e-01,1.124323e-01,4.817510e-01,4.748650e-01,1.769036e-01,1.629328e-01,4.447362e-02,3.406158e-01,7.312836e-01,5.877149e-01,3.310680e-01,7.300143e-01,6.188290e-02,3.730698e-01
4.812613e-01,4.838953e-01,7.948526e-01,3.786294e-01,7.270573e-01,4.939984e-01,7.297610e-01,7.949413e-02,2.260299e-01,6.831267e-01,1.031150e-01,4.497954e-01,2.163414e-01,4.986986e-01,2.376802e-01,8.891596e-01,2.625266e-02,9.471297e-01,8.066016e-01,7.309054e-01,9.317891e-01,7.711523e-01,3.812071e-01,3.860106e-01,9.869926e-01,2.063507e-01,2.106940e-01
4.895691e-01,6.831492e-01,6.065870e-01,3.713250e-01,7.639241e-01,1.111818e-01,8.943168e-01,9.782773e-01,4.878483e-01,8.624923e-01,2.455663e-01,2.185942e-01,6.672746e-02,6.190287e-01,2.335518e-01,8.399782e-02,4.929943e-01,8.936950e-01,3.159954e-01,3.343884e-01,3.971449e-01,2.846266e-01,7.044493e-01,6.595302e-03,7.208430e-01,4.236957e-01,7.794048e-01
4.927024e-01,5.699293e-01,3.369770e-01,1.810970e-01,4.510261e-01,9.084984e-02,2.354636e-01,8.851249e-01,8.967234e-01,4.082950e-01,8.540169e-02,7.007785e-01,2.991508e-01,7.167007e-01,1.710610e-01,5.742087e-01,9.497468e-02,9.743237e-01,9.466714e-01,9.805837e-01,5.241607e-01,9.361402e-01,6.594909e-01,7.733565e-01,7.414638e-01,9.028786e-01,3.927812e-01
4.988215e-01,4.884524e-01,3.631008e-01,3.990434e-01,5.270830e-01,4.256847e-01,7.077957e-02,3.696309e-01,8.383960e-01,1.967276e-01,2.017355e-01,9.949452e-01,9.542288e-01,8.124962e-01,5.949908e-01,1.809996e-01,6.783453e-02,9.571860e-01,4.923541e-01,1.535943e-01,8.470350e-01,8.676809e-01,6.811280e-01,6.442827e-01,3.863096e-01,8.253442e-01,5.705846e-01
5.047081e-01,5.560295e-01,5.517862e-02,3.452222e-01,2.299555e-01,9.655047e-01,7.621312e-01,5.472670e-01,8.680317e-01,6.712119e-01,7.004227e-01,1.083591e-01,5.928880e-02,8.608589e-01,7.598550e-01,8.958299e-01,9.247702e-01,4.261041e-01,6.544525e-01,8.774867e-01,5.918091e-02,1.843863e-01,8.092581e-01,1.808172e-01,7.107629e-01,5.248754e-01,4.591443e-01
5.088586e-01,2.791256e-01,3.260308e-01,8.048312e-01,6.502692e-01,8.719330e-01,6.407784e-01,4.487894e-01,9.091128e-01,7.792111e-01,5.983354e-01,8.925706e-01,7.059621e-01,9.841642e-01,4.345261e-01,3.344574e-01,1.728366e-01,1.223874e-01,1.813139e-01,5.442389e-01,4.569126e-01,9.947356e-01,3.402500e-01,6.775254e-01,8.838494e-01,8.402301e-01,7.705816e-01
5.137341e-01,8.753595e-01,3.825875e-01,5.251840e-01,8.865244e-01,6.828033e-01,6.033725e-01,8.991828e-01,8.906675e-01,4.508072e-02,5.510141e-01,1.844693e-01,1.877991e-01,5.896620e-01,5.319694e-01,5.011890e-02,2.317280e-01,1.857015e-01,1.702947e-01,5.963157e-01,1.782945e-01,5.391035e-01,9.244480e-01,9.756463e-01,8.999407e-01,1.285355e-02,1.587407e-01
5.190739e-01,6.060858e-01,9.875113e-01,5.068788e-01,3.645033e-01,8.963592e-01,3.285800e-01,1.012495e-01,7.443523e-01,7.889463e-01,2.723647e-01,1.600469e-01,6.950805e-01,7.283269e-01,8.347417e-01,4.092618e-03,3.052679e-01,8.862636e-01,6.169877e-01,2.814861e-01,5.256378e-01,1.719151e-01,9.670474e-01,4.231383e-01,2.820319e-02,4.292150e-01,5.139301e-01
5.245076e-01,8.537632e-01,8.713222e-01,6.891342e-01,4.627146e-01,1.320970e-01,3.860363e-01,4.959906e-01,9.632147e-01,2.810263e-02,2.060272e-01,1.915883e-02,7.809223e-01,9.118975e-01,2.442447e-01,6.729876e-01,8.571319e-01,5.953931e-01,5.045224e-02,7.428640e-01,2.054870e-01,7.125021e-02,7.531506e-01,3.749229e-01,6.609239e-01,5.104847e-01,8.311065e-01
5.264951e-01,8.806858e-01,4.303244e-02,3.562177e-01,3.916209e-01,6.969754e-03,1.910345e-01,9.259750e-01,8.341929e-02,6.100788e-01,8.544661e-01,6.551843e-01,1.939527e-02,1.417114e-01,2.771759e-01,7.130328e-01,4.632800e-02,7.949630e-01,4.570845e-01,9.638936e-01,4.030998e-01,9.288825e-01,9.933448e-01,2.863591e-01,2.712980e-01,4.611048e-01,4.264001e-01
5.320370e-01,2.658553e-01,9.782128e-01,7.663891e-01,6.776150e-01,1.902534e-01,1.497755e-01,5.792061e-01,3.146573e-01,5.288140e-01,4.796467e-01,1.426923e-01,7.320615e-01,7.518317e-01,1.032966e-01,7.784508e-01,6.725326e-01,6.779559e-01,7.811067e-01,4.152329e-01,1.993646e-01,1.180417e-01,6.545862e-01,8.498184e-01,4.365245e-01,2.367385e-01,8.651065e-01
5.373983e-01,2.181668e-01,5.656579e-01,1.345157e-01,2.240592e-01,1.010422e-01,8.248890e-01,7.432890e-01,9.171721e-01,2.041760e-01,8.890232e-01,2.090783e-01,7.016169e-01,8.531091e-01,2.298498e-01,9.426072e-01,1.752136e-01,9.881475e-01,1.940251e-01,4.343713e-01,9.963737e-01,9.980378e-01,7.761825e-01,1.734148e-01,3.146328e-01,8.502616e-01,4.401062e-01
5.409833e-01,7.646772e-01,6.224899e-01,9.398423e-01,6.310719e-01,1.857378e-02,9.646878e-01,8.780452e-01,4.643330e-01,6.376906e-01,9.599939e-01,1.726941e-01,9.588789e-01,7.747847e-01,1.087414e-01,3.832858e-01,8.469166e-01,8.575259e-01,3.848956e-01,6.586545e-01,5.038614e-01,2.073739e-01,4.351221e-02,3.810197e-01,3.208909e-01,8.949543e-02,5.453916e-01
5.473405e-01,1.256985e-01,6.634102e-01,6.917817e-01,4.875705e-01,6.266342e-02,5.433262e-02,2.781064e-03,5.169156e-02,2.099064e-01,2.934939e-01,8.640831e-01,4.591308e-01,6.311726e-01,7.677857e-01,9.605857e-01,9.523022e-01,2.162643e-02,1.234910e-01,5.613432e-01,7.741646e-01,4.314056e-01,4.212158e-01,7.193202e-01,7.799889e-01,6.104681e-01,4.930346e-01
5.537678e-01,9.398931e-01,2.034367e-01,8.490441e-02,4.232769e-01,5.623504e-01,1.229615e-01,3.313793e-01,9.870804e-01,6.295369e-01,2.213923e-01,8.558729e-01,2.456969e-01,4.667085e-01,3.751316e-01,5.877731e-01,2.908626e-03,6.258927e-01,4.305356e-02,3.380680e-01,5.472423e-01,4.161521e-01,5.354962e-02,1.196936e-01,7.804333e-01,5.017808e-01,1.661292e-01
5.574971e-01,7.898657e-01,8.076834e-01,1.158210e-01,4.972175e-01,8.911452e-01,4.394639e-02,3.076569e-01,6.240067e-01,9.146802e-01,6.109504e-01,2.771914e-01,5.780569e-01,3.343566e-01,6.574161e-01,9.814307e-01,9.626245e-01,7.124285e-01,8.118482e-01,2.245370e-01,8.059932e-01,4.387129e-01,9.549399e-01,7.449170e-01,4.868170e-01,4.579655e-01,9.059322e-01
5.621711e-01,3.230187e-01,4.281667e-01,9.294431e-01,8.720782e-01,9.821439e-01,9.130059e-01,6.348691e-01,7.327819e-01,1.098296e-01,6.396893e-01,2.322283e-01,6.871546e-01,7.852179e-01,8.555892e-01,7.672557e-02,6.847858e-01,3.959833e-01,6.948363e-01,9.155609e-01,9.060269e-01,8.732114e-01,8.259384e-01,5.691262e-01,8.560992e-02,2.338693e-01,3.165447e-01
5.686203e-01,3.469400e-01,9.610930e-01,9.765507e-01,5.901890e-01,4.708541e-01,9.192057e-02,8.166068e-01,5.979603e-01,3.511608e-01,9.159222e-01,4.285065e-03,4.869140e-01,3.242572e-01,2.947481e-01,7.550055e-01,5.556662e-02,3.665131e-01,9.099656e-01,2.682702e-01,6.277617e-01,9.221362e-01,6.175721e-01,1.274814e-01,3.459172e-01,9.955801e-01,8.863419e-01
5.734740e-01,9.687010e-02,3.769118e-01,3.923863e-01,2.488312e-01,9.986713e-01,6.156108e-01,2.050822e-01,4.065585e-01,4.888787e-01,3.562972e-01,4.083479e-01,4.036605e-01,2.618352e-01,5.257347e-02,1.831828e-02,7.278395e-01,2.190747e-01,7.724283e-01,1.489009e-01,7.861020e-01,8.817780e-01,7.412553e-01,2.959079e-01,3.311517e-01,8.742274e-01,9.347422e-01
5.789045e-01,6.576463e-01,3.994922e-01,4.525456e-01,7.509862e-01,1.719151e-01,2.184571e-01,8.383300e-01,6.729624e-01,8.884976e-01,5.566120e-01,4.008618e-01,8.572519e-01,2.388885e-01,5.154035e-01,9.353797e-01,2.796752e-01,6.991368e-01,6.559343e-01,5.487909e-01,2.417284e-02,7.820623e-01,5.949805e-01,6.251369e-01,6.726190e-02,7.780535e-01,9.471316e-01
5.805533e-01,7.408837e-01,1.285890e-01,5.584185e-02,3.430862e-01,4.437829e-01,5.313727e-01,9.706758e-01,5.334664e-01,8.305112e-01,5.675644e-01,9.982051e-01,8.692480e-01,8.387239e-01,9.129878e-01,3.734564e-01,2.808193e-01,8.387060e-01,8.016624e-01,5.075104e-01,8.981954e-01,4.814145e-01,1.494071e-01,3.907485e-01,1.390883e-01,7.440843e-01,1.990949e-01
5.850252e-01,2.990780e-01,2.829751e-01,9.090852e-02,4.781407e-01,1.813836e-01,9.432163e-01,5.926109e-01,2.916127e-01,8.005576e-01,6.426774e-01,2.925557e-01,2.883263e-01,9.464721e-01,9.831904e-01,6.579888e-01,6.587481e-01,4.660982e-01,7.135568e-01,4.874525e-01,1.385952e-01,3.587332e-01,6.452919e-01,4.470561e-01,1.773983e-01,5.938230e-01,3.030835e-01
5.944663e-01,1.061031e-01,3.875351e-01,5.449735e-01,1.344646e-02,7.455871e-01,7.590607e-01,9.076844e-01,4.197988e-01,7.272137e-01,1.352975e-01,4.757674e-01,7.666188e-01,1.230179e-01,7.146590e-01,4.661467e-01,7.306202e-01,9.274521e-01,8.620316e-01,7.692458e-01,3.528227e-01,6.846317e-01,8.239131e-01,2.191341e-01,3.947546e-01,3.377725e-01,2.602407e-01
5.995659e-01,1.771761e-01,3.345784e-01,9.574593e-03,9.960349e-01,5.286258e-01,3.392040e-01,6.082332e-02,1.525971e-01,5.591171e-01,9.229136e-01,1.456070e-01,6.436852e-01,6.611449e-01,4.760965e-01,2.608769e-01,7.614619e-01,5.259622e-01,4.700321e-02,1.258673e-01,4.528065e-01,1.549593e-01,1.226714e-01,4.935070e-01,8.714780e-01,2.687863e-01,3.397784e-02
6.033972e-01,1.038437e-01,1.558603e-01,7.493594e-01,1.722624e-01,4.362228e-01,3.431157e-02,9.045881e-01,7.579021e-01,2.164088e-01,8.320705e-01,6.659716e-01,7.780398e-01,9.152882e-01,8.817791e-01,5.405648e-01,7.189945e-01,7.583061e-01,1.485573e-01,2.360243e-01,4.028033e-02,9.725908e-01,5.289841e-01,7.051860e-01,6.825582e-01,3.198989e-01,2.424290e-01
6.090381e-01,9.008261e-02,9.721866e-01,6.338939e-01,4.100318e-01,4.310603e-01,4.787038e-01,3.942381e-01,3.747518e-02,8.689088e-01,2.666763e-01,8.297210e-01,7.540457e-01,3.749884e-01,2.140525e-01,2.799196e-01,8.851209e-01,9.159654e-01,7.693557e-01,1.565981e-01,8.672148e-01,1.088460e-01,8.775572e-01,9.998843e-01,7.861134e-01,1.412091e-01,1.135318e-01
6.148951e-01,2.441249e-01,8.417078e-01,3.067802e-02,1.584784e-01,5.697435e-01,7.733736e-01,7.281625e-01,5.057901e-01,4.372460e-01,3.463510e-01,6.771473e-01,4.310141e-01,9.026909e-01,8.992086e-02,6.766487e-01,7.690717e-01,9.634404e-01,7.288348e-01,1.705611e-01,6.389421e-01,6.366348e-01,4.957200e-01,5.765518e-01,1.936725e-01,9.925223e-01,2.666523e-01
6.158255e-01,1.120331e-01,3.433279e-01,4.615472e-02,6.024916e-01,5.319785e-01,6.062158e-01,4.412960e-01,2.692360e-01,5.048397e-01,6.042636e-01,7.655371e-01,3.519686e-01,9.331521e-01,3.201692e-02,7.821537e-01,6.158756e-01,4.043110e-01,5.956715e-01,5.857433e-02,3.678484e-02,6.125715e-02,9.437354e-02,8.273464e-01,1.030442e-01,6.760599e-01,6.857493e-01
6.248515e-01,8.918218e-01,4.200871e-01,2.955518e-01,2.609176e-01,9.729090e-02,9.219558e-01,2.507300e-01,6.308467e-01,2.122214e-01,2.829447e-01,5.289451e-01,9.094928e-01,4.873384e-01,8.995671e-01,2.461005e-01,9.897469e-01,4.964478e-02,6.319419e-01,5.105135e-01,6.099906e-01,2.229142e-01,5.611469e-01,7.283476e-01,1.808268e-01,8.108050e-02,2.926971e-01
6.278561e-01,2.579769e-01,6.754158e-02,6.568556e-01,8.132387e-02,2.621843e-01,4.374872e-01,4.216974e-01,8.051209e-01,4.943697e-01,6.681184e-01,1.681540e-01,8.734067e-01,1.646777e-01,6.667267e-01,3.468551e-01,8.179733e-01,4.143800e-01,6.469638e-01,7.179912e-01,3.170751e-01,4.638822e-01,7.360253e-01,9.399714e-01,9.322620e-02,4.960975e-01,7.616912e-01
6.317238e-01,3.751975e-01,6.242496e-02,4.465903e-01,2.126357e-02,1.255402e-01,5.885527e-01,1.280528e-01,4.715289e-01,9.517533e-01,6.454433e-01,8.232497e-01,7.272537e-01,5.989475e-02,9.017215e-01,2.679318e-02,1.804575e-01,3.006582e-01,1.851901e-01,3.608368e-01,6.946484e-01,8.251338e-01,7.557717e-01,4.640601e-01,9.036860e-01,3.887533e-01,2.952757e-01
6.362527e-01,3.826198e-01,5.845604e-01,1.487926e-01,9.177599e-01,8.409926e-01,6.717796e-01,2.963067e-01,1.036493e-01,9.179873e-01,1.765146e-01,1.028870e-01,4.926841e-01,4.480265e-01,7.024434e-01,2.334513e-01,7.003011e-01,2.954804e-01,3.475165e-01,3.568166e-01,8.593490e-01,8.638738e-01,5.439718e-01,6.249162e-01,6.223963e-01,8.056637e-01,3.057820e-01
6.439305e-01,2.371356e-01,8.161561e-01,3.336282e-01,8.678805e-01,8.475330e-01,5.222279e-01,2.283107e-01,2.843387e-01,7.493962e-01,1.953747e-01,5.350057e-01,8.860780e-01,3.002957e-01,5.592090e-01,6.487011e-01,8.919907e-01,7.159701e-02,9.692385e-01,8.120978e-01,9.667084e-01,9.411819e-01,1.519198e-01,5.461180e-01,3.744942e-01,7.834148e-01,6.499868e-01
6.453492e-01,3.747551e-02,8.288122e-01,1.042966e-01,4.448807e-01,8.525562e-01,5.713544e-01,9.172593e-01,9.017530e-01,5.335649e-01,9.734289e-01,7.386064e-01,8.920252e-01,5.429755e-01,1.232528e-01,4.199503e-01,6.145913e-01,4.406961e-01,6.064696e-01,6.760125e-01,6.955765e-01,1.659268e-01,6.094608e-01,8.348744e-01,3.965845e-01,4.901078e-01,6.221849e-02
6.549324e-01,1.434285e-01,2.870069e-01,2.831561e-01,8.108406e-01,7.803956e-01,3.113497e-01,8.931911e-01,5.862116e-01,9.202677e-01,3.965113e-01,4.893027e-01,1.843994e-01,1.148826e-01,5.888802e-01,5.803327e-01,2.534369e-01,7.700673e-01,5.681048e-01,9.673972e-01,9.518880e-01,1.351806e-01,4.787363e-01,6.932434e-01,4.433947e-01,6.706050e-01,6.707130e-01
6.595217e-01,4.455565e-01,5.258173e-01,6.414750e-01,6.485775e-01,5.895293e-01,2.591666e-01,9.905813e-01,1.667847e-01,7.668605e-01,1.248905e-01,4.951604e-01,8.490298e-01,9.539971e-01,2.611281e-01,1.028774e-01,2.645238e-01,8.054722e-01,4.623932e-01,7.566886e-01,6.634521e-01,5.225762e-01,5.304367e-01,9.341453e-01,7.378829e-01,6.837729e-01,4.955581e-01
6.601019e-01,1.213043e-01,2.071355e-01,8.482291e-01,7.718132e-01,2.184482e-01,5.767552e-01,7.369776e-01,3.535436e-01,5.834906e-01,8.650022e-01,4.200297e-01,4.847765e-01,7.752493e-01,1.409753e-01,4.669567e-02,1.016879e-01,3.883449e-01,4.089176e-01,6.995255e-01,4.318649e-01,1.900022e-02,7.242992e-01,9.893604e-02,5.643860e-01,5.640148e-01,5.885007e-01
6.657840e-01,1.608122e-01,1.189685e-01,1.092961e-01,7.762121e-01,7.290725e-01,1.858155e-01,7.149019e-01,6.183417e-01,5.972470e-01,6.942380e-01,6.357801e-01,9.260341e-02,5.357710e-01,1.802191e-01,3.682690e-01,3.333881e-01,9.023454e-01,3.313538e-01,4.290199e-01,3.585417e-01,4.957317e-01,1.710280e-01,5.364279e-01,7.594181e-02,1.873596e-01,1.489525e-01
6.717406e-01,3.649354e-01,7.347979e-01,4.915873e-01,9.700481e-01,3.765600e-02,6.595571e-02,9.738637e-03,2.066071e-01,8.943086e-01,9.913765e-01,7.304889e-01,7.385202e-01,6.713223e-01,4.053814e-01,5.192029e-03,8.226050e-01,3.347045e-01,3.034213e-01,8.593701e-01,5.909094e-01,5.078240e-01,1.757894e-01,5.936295e-01,4.147099e-02,1.320054e-01,6.598940e-01
6.771799e-01,8.554596e-02,5.492415e-01,1.915575e-01,7.861039e-01,5.437413e-01,8.910248e-02,3.589996e-01,2.969955e-01,9.453254e-01,2.104081e-01,6.242871e-01,1.487528e-01,7.493236e-01,9.426908e-01,4.522072e-01,4.026239e-01,4.940792e-01,6.835328e-01,5.757762e-01,8.841030e-01,3.152847e-01,4.696963e-01,2.458656e-01,7.194370e-01,7.019826e-01,6.949331e-03
6.831195e-01,3.166085e-01,5.948055e-01,7.435450e-01,9.725624e-02,9.565098e-01,5.160535e-01,8.462031e-01,6.294165e-01,2.803048e-01,4.422203e-01,3.370036e-01,6.770483e-01,1.580019e-01,6.623231e-01,5.768890e-01,5.050262e-01,2.719697e-01,3.414294e-01,7.770831e-01,8.961270e-02,7.534597e-01,2.707553e-01,4.263389e-01,6.919953e-01,2.980419e-01,2.456402e-01
6.878685e-01,7.296654e-01,1.388385e-01,3.003347e-01,3.511150e-01,1.506654e-01,5.148009e-01,4.634689e-01,7.725251e-01,1.177180e-01,1.412957e-02,3.280591e-01,5.471765e-01,1.314801e-01,2.459660e-01,4.397014e-01,5.449512e-01,5.109634e-01,9.018353e-01,2.158508e-01,2.437113e-01,8.682302e-02,3.370832e-01,4.345643e-01,9.482180e-01,1.255928e-01,9.249290e-01
6.919486e-01,4.656318e-01,9.074837e-01,4.665743e-01,3.724673e-01,8.673411e-02,6.964117e-01,8.009906e-01,2.343506e-01,1.573207e-01,3.108243e-01,6.158276e-01,6.101549e-01,4.359546e-02,2.236913e-01,2.228292e-01,6.420011e-01,3.057627e-02,1.664388e-01,5.685366e-01,3.851099e-01,7.358293e-01,7.664430e-01,3.664220e-01,3.190114e-01,6.182813e-01,2.223267e-02
6.961468e-01,6.024461e-01,7.635624e-01,7.714662e-01,4.311984e-01,8.006914e-01,4.659666e-01,8.401855e-01,5.161357e-01,4.576697e-01,5.250607e-01,6.025938e-01,6.717874e-01,6.913194e-01,7.838791e-01,9.866555e-01,8.709363e-01,7.988116e-01,3.915146e-01,2.782023e-01,7.398704e-01,7.294453e-01,9.635395e-02,8.064185e-02,1.500539e-01,6.040213e-01,6.190976e-01
7.045994e-01,6.726659e-01,7.266408e-01,6.509950e-01,1.423502e-01,5.207470e-01,3.345062e-01,9.063313e-02,7.879924e-01,1.507608e-01,3.652565e-01,5.069570e-01,4.176270e-01,1.760755e-01,7.620089e-01,6.637213e-01,3.616246e-01,9.524985e-01,2.407028e-01,9.734947e-01,8.438467e-02,4.476765e-02,5.784588e-01,4.366583e-01,9.238003e-01,5.315805e-01,7.539102e-01
7.059541e-01,6.153892e-01,7.065115e-02,2.399155e-01,9.427544e-02,6.778906e-01,2.483738e-01,1.611375e-01,4.388227e-01,2.365500e-01,1.275592e-01,1.399299e-02,2.803164e-01,8.250366e-01,4.030083e-01,5.276955e-01,3.942705e-01,9.655451e-01,5.795986e-01,3.463459e-01,2.536800e-01,8.249979e-01,3.890535e-01,3.772183e-02,7.579268e-01,2.108150e-01,1.538340e-01
7.143446e-01,5.542305e-01,9.333056e-01,7.208544e-01,8.758939e-01,3.756783e-01,1.293381e-01,8.148732e-02,6.926523e-01,7.946602e-01,7.236667e-03,4.192523e-01,8.358836e-01,4.108672e-01,1.640960e-01,6.349879e-01,2.954864e-01,1.440459e-01,2.937282e-01,9.220557e-01,3.949995e-01,4.024485e-01,5.354950e-01,3.594041e-01,6.634691e-03,1.368290e-01,5.032515e-01
7.199931e-01,1.392006e-01,6.825356e-01,3.603573e-01,9.787448e-01,3.371137e-01,4.136011e-01,7.159782e-01,4.131924e-01,9.738261e-01,7.255999e-01,7.768641e-01,8.645035e-01,6.126065e-01,6.897024e-01,7.711383e-01,1.318564e-01,1.453499e-01,3.080616e-01,4.603019e-01,4.093066e-01,5.655392e-01,5.492957e-01,2.525804e-01,9.586165e-01,5.958048e-01,1.030149e-01
7.215293e-01,5.085298e-01,2.511958e-01,7.080889e-01,2.176668e-01,3.230897e-01,6.297116e-02,6.701647e-01,7.369355e-02,8.726032e-01,3.706836e-01,5.179581e-01,2.761632e-01,7.446375e-01,7.965329e-01,7.270878e-01,1.851148e-01,1.820312e-01,3.968990e-01,6.888198e-01,4.735814e-01,1.996538e-01,7.922094e-02,7.214041e-01,8.148755e-01,9.820681e-01,5.744842e-02
7.294178e-01,5.717022e-01,6.330976e-01,1.506094e-01,2.424172e-01,6.373525e-01,4.240593e-01,6.645086e-01,5.212096e-01,9.319721e-02,7.149340e-01,7.726187e-01,8.403180e-01,5.711240e-01,6.400472e-01,6.136530e-01,2.206172e-01,8.823271e-01,2.314823e-01,3.701228e-01,1.225308e-01,4.565530e-01,9.108926e-01,3.782096e-01,3.050849e-01,6.348927e-01,5.063427e-01
7.327832e-01,6.368467e-02,9.292366e-01,2.929384e-01,7.806819e-01,4.883544e-01,2.663829e-01,2.780156e-01,6.758222e-01,6.435810e-01,4.087228e-01,4.304152e-02,9.874491e-01,2.758456e-01,2.820390e-01,1.546510e-01,4.834706e-01,6.076202e-01,2.897699e-01,2.289184e-01,9.355692e-01,5.577307e-01,5.950752e-01,7.853688e-01,1.136714e-01,3.711939e-01,8.314962e-02
7.398886e-01,6.763225e-01,1.759911e-01,8.253690e-01,6.553279e-01,2.415014e-01,4.959132e-03,1.398317e-01,9.923106e-01,5.872168e-01,9.038967e-01,5.695674e-01,8.765646e-01,8.449413e-01,6.081489e-01,5.313343e-01,9.760382e-01,6.107603e-01,4.502646e-01,7.245378e-01,6.010142e-01,9.336384e-01,1.979224e-02,1.922438e-01,4.570065e-01,5.501634e-01,8.700353e-01
7.441599e-01,8.126375e-01,7.748059e-01,8.882619e-01,4.810660e-01,7.368079e-01,7.305540e-01,3.734158e-01,2.248478e-01,2.578880e-01,9.764781e-01,6.432645e-03,3.054174e-01,1.587394e-03,8.514299e-01,4.306321e-02,5.303782e-01,3.764088e-01,3.870349e-01,5.838650e-01,6.539551e-02,6.088394e-01,2.589915e-01,8.971678e-02,8.183254e-02,7.052583e-01,6.992581e-01
7.492138e-01,7.166080e-01,5.540275e-01,2.690556e-01,3.998638e-01,2.248401e-01,8.415352e-01,2.913587e-01,3.449378e-01,4.449619e-01,8.947484e-01,8.160313e-01,5.551962e-01,9.930541e-01,5.495260e-01,1.260499e-01,6.066112e-01,8.035940e-01,3.231618e-01,4.382791e-01,1.934328e-02,2.629316e-01,9.350946e-01,2.446247e-01,2.449969e-01,7.616145e-01,3.317943e-01
7.538357e-01,4.046977e-01,9.129504e-01,3.804165e-01,1.848301e-01,2.657924e-02,2.445145e-01,9.455554e-01,7.173078e-01,9.418824e-01,7.336943e-01,3.817922e-01,4.139741e-01,6.984470e-01,4.202019e-01,3.890099e-01,3.666939e-01,4.519059e-01,8.788259e-01,1.314550e-01,7.535744e-01,3.466735e-01,7.615915e-01,7.687910e-01,6.003569e-02,9.639332e-02,9.171769e-01
7.584500e-01,6.681224e-02,5.348364e-02,5.813157e-01,9.512322e-01,6.618741e-01,6.326801e-01,3.385537e-02,2.516957e-01,6.693575e-01,1.497693e-01,9.047072e-01,3.898376e-01,7.921799e-03,6.646886e-02,3.414359e-01,1.278780e-01,4.849926e-01,1.976607e-01,9.121333e-02,7.489955e-01,2.174436e-01,2.411561e-01,7.837541e-01,8.582487e-01,5.478553e-01,6.205449e-01
7.604715e-01,8.856496e-01,6.253551e-01,5.321836e-02,5.200592e-01,1.386045e-01,1.692038e-01,5.038032e-01,4.577133e-01,7.477446e-02,9.666415e-01,4.821734e-01,7.949776e-01,4.200919e-01,3.442382e-01,8.231914e-01,8.611842e-01,2.801975e-01,4.726379e-01,6.124151e-01,4.502356e-02,2.046414e-01,2.665984e-02,8.561221e-01,1.169471e-01,1.068089e-01,9.424558e-01
7.683293e-01,4.539263e-01,1.533403e-01,3.145509e-01,3.842954e-01,6.706248e-01,1.023346e-01,5.064489e-01,4.787991e-02,8.679734e-02,9.090016e-01,6.704151e-02,5.370980e-01,8.951135e-01,6.318291e-01,1.695928e-01,5.740579e-01,3.407126e-01,5.742740e-01,4.499695e-01,6.569045e-01,6.963284e-01,6.009122e-01,6.843346e-01,5.336735e-01,4.377192e-01,2.248373e-01
7.738019e-01,5.352071e-01,1.465622e-01,1.400416e-01,8.619052e-01,1.787003e-01,6.548494e-01,1.331544e-01,6.452144e-01,1.922430e-01,2.131277e-02,7.074029e-01,1.218780e-01,6.804090e-01,2.884793e-01,9.597040e-01,7.480107e-01,2.376227e-01,5.099360e-01,7.056369e-01,8.260739e-01,7.140173e-01,1.423878e-01,8.979093e-01,8.050379e-01,6.468065e-01,9.841786e-01
7.764968e-01,5.418839e-01,7.015695e-01,5.968077e-01,1.818778e-02,1.667887e-01,8.374507e-01,6.927217e-01,2.750149e-01,3.737733e-01,5.702359e-01,2.358227e-01,3.268632e-01,6.417982e-01,5.872457e-02,3.926126e-01,9.539763e-02,2.059829e-01,6.692101e-01,2.471557e-01,1.168627e-01,3.342017e-01,4.539988e-01,1.238657e-01,2.753069e-01,7.151022e-01,7.166756e-01
7.807683e-01,9.083553e-01,8.134035e-01,4.340532e-01,3.007578e-01,8.329935e-01,5.383390e-03,5.367837e-01,4.291511e-01,6.402516e-02,1.342451e-01,3.956091e-01,9.220619e-01,4.738283e-01,4.437430e-01,2.804017e-01,8.254889e-01,5.623890e-02,5.879960e-01,2.915507e-01,9.805996e-03,2.786463e-01,8.952953e-01,9.048432e-01,6.274969e-01,7.965511e-01,3.350819e-01
7.881289e-01,5.829396e-01,3.577247e-01,7.620817e-01,5.673182e-01,9.642977e-01,1.971527e-01,9.553214e-01,8.302201e-01,1.667573e-01,9.305738e-01,6.459192e-01,4.468620e-01,3.167650e-01,6.152033e-01,9.992498e-01,7.842006e-01,3.704261e-01,4.787564e-01,1.768272e-01,4.751615e-01,6.699138e-01,1.610144e-01,7.620640e-01,4.940497e-02,9.618546e-01,9.140954e-02
7.934847e-01,5.930196e-01,5.632468e-01,8.374920e-01,4.454007e-01,6.268716e-01,9.716218e-01,3.633496e-02,9.593080e-01,3.974490e-01,4.478298e-01,6.301091e-01,2.350929e-01,3.992796e-01,8.651481e-01,3.529610e-01,8.830543e-01,3.365961e-01,5.531948e-01,9.521961e-01,7.117775e-01,3.730602e-02,5.177560e-01,9.060497e-01,4.838736e-01,8.125846e-01,8.968093e-01
7.951746e-01,1.304425e-01,2.229647e-01,7.795924e-01,6.174122e-01,1.156175e-01,8.111740e-01,4.539404e-01,9.243357e-02,7.560214e-02,5.472848e-01,9.268094e-01,6.379518e-01,8.743638e-01,4.653672e-01,9.323750e-01,5.865792e-01,9.943312e-01,2.505082e-01,4.793848e-01,1.000819e-01,3.017028e-01,8.049863e-01,2.385934e-01,6.145778e-01,4.548731e-01,4.195245e-01
8.015252e-01,3.541988e-01,2.098410e-02,5.460783e-01,5.072472e-01,3.194813e-01,6.392957e-01,7.963097e-01,9.358845e-01,4.745340e-01,4.056365e-02,9.545869e-01,8.357046e-02,2.286663e-01,9.466767e-01,2.253869e-01,4.972066e-01,9.320858e-01,8.545908e-01,4.672837e-01,7.042163e-01,5.146548e-01,3.931160e-02,7.980424e-01,1.055137e-01,9.780344e-01,2.729204e-01
8.050556e-01,3.134483e-01,2.731566e-01,3.059250e-01,3.698652e-01,2.106512e-01,4.959378e-01,8.681055e-01,2.620414e-01,7.012993e-01,4.395472e-01,9.450437e-01,3.332319e-01,9.088779e-01,9.637614e-01,7.083059e-02,1.166973e-01,3.082722e-01,8.384806e-01,4.112100e-01,4.483902e-01,2.401171e-02,2.127221e-01,4.955042e-01,3.221485e-02,6.589907e-01,4.472820e-01
8.100570e-01,9.851230e-01,7.198435e-01,9.582609e-01,6.413257e-01,7.116430e-01,9.460130e-01,6.493161e-01,7.953938e-01,4.996869e-01,6.589804e-01,6.295170e-01,5.280863e-01,7.963994e-01,8.620419e-01,1.136759e-01,9.038556e-01,5.652899e-01,3.377223e-01,5.331059e-01,9.868244e-01,3.972851e-01,4.848716e-01,2.095173e-01,5.453643e-02,5.827138e-01,4.638815e-01
8.179467e-01,7.616380e-02,9.225330e-01,5.853189e-01,3.369930e-01,7.154814e-01,4.917942e-01,8.606101e-01,3.916739e-03,2.489288e-01,4.743121e-01,7.972756e-01,7.725001e-01,4.573656e-02,8.926527e-01,8.582257e-01,9.449073e-01,2.874535e-01,8.369850e-02,8.624161e-01,6.147738e-01,5.692268e-02,4.192217e-01,5.129948e-01,2.312393e-01,7.714621e-01,1.794787e-01
8.219331e-01,6.865430e-01,4.419664e-01,4.261681e-02,5.442589e-01,7.779460e-01,3.030089e-01,4.297907e-01,5.017020e-01,9.981474e-01,3.897222e-01,4.919117e-01,3.747799e-01,5.767731e-01,9.868027e-01,5.028986e-01,8.109517e-01,5.167011e-01,3.101400e-01,1.910780e-01,4.608543e-01,4.795993e-01,3.572445e-01,6.649569e-01,4.081580e-01,9.540867e-01,4.246163e-01
8.260581e-01,6.930558e-01,5.103747e-01,6.714678e-01,1.353175e-01,5.575556e-01,3.186217e-01,6.071392e-01,3.202331e-01,9.375805e-01,4.049675e-01,2.956475e-01,5.076606e-01,7.832911e-01,2.659099e-01,5.358967e-01,6.969278e-01,7.499047e-01,8.935127e-01,2.851059e-02,1.416846e-01,2.376332e-01,8.526111e-01,9.159625e-01,9.742995e-01,3.628059e-01,4.060258e-01
8.328332e-01,8.416176e-01,6.681439e-01,9.060368e-01,5.399470e-01,8.893767e-01,8.486233e-01,7.821414e-01,1.218934e-01,7.547584e-01,8.189322e-02,7.265899e-01,8.174491e-01,5.572383e-01,6.025638e-01,2.739545e-01,8.033853e-01,6.450529e-01,4.821532e-01,8.532394e-01,2.199256e-01,8.787634e-01,9.755201e-01,7.473404e-01,9.901948e-01,6.502834e-01,2.563108e-01
8.376027e-01,7.356165e-01,2.387606e-01,4.065023e-01,3.452904e-01,2.896535e-01,4.877106e-01,2.638518e-01,9.510015e-01,1.803408e-01,1.696289e-01,5.033869e-01,8.512530e-01,5.194828e-01,2.703859e-01,5.594999e-01,5.231686e-01,4.067918e-01,7.505382e-02,4.406916e-01,5.382267e-01,6.144403e-01,9.800488e-01,7.105424e-01,2.478165e-01,4.854346e-02,5.921829e-01
8.418749e-01,8.204312e-01,7.066797e-01,2.759539e-01,9.366581e-01,6.591806e-01,5.083933e-01,3.646995e-01,6.056950e-01,4.268435e-01,8.153184e-01,9.050478e-01,3.100037e-02,8.935286e-01,9.193198e-02,1.767303e-01,6.525978e-01,5.050157e-01,9.641284e-01,9.261802e-01,1.296688e-01,5.846339e-01,6.451485e-02,1.348134e-01,7.710424e-01,8.989203e-01,8.759375e-01
8.452382e-01,7.140472e-01,9.177208e-01,9.162986e-01,7.228523e-01,7.443001e-01,9.652989e-01,4.783574e-01,5.693327e-01,7.096894e-01,7.882908e-01,8.815480e-01,3.937573e-02,4.774125e-01,5.398783e-01,5.622076e-01,3.012310e-01,5.344441e-01,9.911901e-01,7.742623e-01,9.119770e-01,1.621900e-03,7.883442e-01,2.750357e-01,2.527074e-01,5.402216e-01,1.708149e-01
8.546584e-01,2.327916e-01,1.091008e-01,5.399169e-01,9.659104e-01,4.775380e-02,6.119817e-01,2.391671e-01,6.106011e-01,9.578050e-01,8.255010e-01,3.703684e-02,9.933299e-02,1.799916e-02,4.942608e-01,3.208689e-01,5.179336e-01,6.584772e-01,5.312080e-01,1.391446e-01,3.221386e-01,5.953682e-01,4.586716e-01,8.379774e-01,9.334057e-01,9.339294e-02,3.238376e-01
8.588585e-01,4.195991e-01,6.423955e-01,9.415532e-01,8.415703e-01,9.885285e-01,2.645513e-01,4.688003e-01,9.505473e-02,4.116690e-01,4.118630e-01,2.130270e-01,7.975396e-01,1.359663e-02,4.741356e-02,4.914858e-01,7.438688e-01,6.212076e-01,7.887838e-01,7.284186e-01,3.663478e-01,8.538560e-01,3.295391e-01,1.120300e-01,9.299386e-01,8.160646e-01,9.138227e-01
8.608694e-01,8.046407e-01,5.039236e-01,4.422122e-01,8.979142e-01,9.924902e-01,6.256044e-01,4.825464e-01,1.836098e-01,6.568462e-01,6.058440e-01,5.623453e-01,1.314010e-01,4.418747e-01,6.389396e-01,8.535906e-01,4.238766e-01,7.309725e-01,2.969831e-02,2.999832e-01,5.526128e-01,3.363249e-02,2.628823e-01,8.106956e-01,3.507387e-01,2.267973e-01,3.542551e-01
8.682516e-01,9.454398e-01,7.533947e-01,8.053886e-01,7.555504e-01,7.946870e-01,5.668420e-01,3.281973e-01,1.364534e-01,5.101573e-01,3.005572e-01,1.788391e-01,5.114416e-01,9.996345e-02,3.043914e-01,1.587479e-01,5.101254e-01,8.339588e-01,3.625834e-01,7.847001e-01,6.447858e-02,7.569148e-01,2.095250e-01,9.900582e-01,7.282144e-01,4.262869e-02,1.572317e-02
8.725772e-01,6.118801e-01,4.368548e-01,1.270200e-01,1.220583e-01,1.882176e-01,5.917159e-01,1.557507e-01,6.448359e-01,1.364999e-01,8.442681e-01,7.843202e-01,6.002194e-01,6.595017e-02,9.059611e-01,1.898622e-01,6.611820e-01,1.934943e-01,9.742110e-01,7.180802e-02,2.717850e-01,6.757763e-01,8.570862e-01,5.504693e-02,8.903674e-01,2.719906e-01,1.388642e-01
8.796514e-01,9.711754e-01,8.569573e-01,7.706809e-02,9.437528e-01,3.820529e-01,7.864957e-01,5.314122e-02,3.680462e-01,2.263329e-01,5.948247e-01,1.584825e-01,2.281315e-01,8.093906e-01,1.524822e-01,7.696517e-01,2.700740e-01,3.237643e-01,5.923240e-01,3.249889e-02,1.310289e-01,2.313733e-01,4.894584e-01,2.656000e-01,9.967826e-01,1.815545e-01,5.449383e-01
8.829289e-01,2.520058e-02,5.332960e-01,6.621467e-02,7.102724e-01,2.074376e-01,3.951145e-01,4.194811e-01,1.059174e-01,6.900005e-01,7.079580e-01,8.636741e-02,6.066302e-01,4.934491e-01,3.244446e-01,9.083554e-01,1.079510e-01,5.403396e-01,8.992821e-01,8.088976e-01,2.253339e-01,9.772518e-01,3.491078e-01,6.857662e-01,5.500035e-01,2.221876e-01,2.895983e-01
8.862756e-01,2.648065e-01,1.225876e-01,6.750176e-01,4.575573e-01,1.095563e-01,2.025804e-01,5.535325e-01,3.823398e-01,6.784455e-01,1.891653e-01,5.566694e-01,1.712287e-01,4.274103e-01,9.232509e-01,2.037459e-01,2.413554e-01,8.780518e-01,9.261338e-01,9.421317e-01,3.456046e-01,9.570994e-01,2.228404e-01,4.189180e-01,1.472024e-01,3.953120e-01,7.424134e-01
8.932700e-01,5.357413e-03,8.817697e-01,7.327764e-01,5.574257e-01,6.222402e-01,6.679692e-01,1.684877e-01,1.791390e-01,8.365075e-01,3.437508e-01,3.932314e-01,8.244157e-01,2.598891e-01,6.510081e-01,7.870586e-01,9.665742e-01,8.720418e-01,6.647621e-01,9.496588e-01,7.312820e-01,4.106882e-01,8.357287e-01,6.359850e-01,4.239877e-01,8.642884e-01,5.196875e-01
8.995263e-01,7.539466e-01,4.783301e-01,8.705687e-01,7.362028e-01,6.415689e-01,8.811731e-01,6.877116e-01,5.755658e-01,2.855990e-01,4.548447e-01,7.242265e-01,2.244434e-01,9.881734e-01,3.542389e-01,5.901302e-01,9.142303e-01,1.285076e-01,2.373167e-01,2.614518e-01,6.758729e-01,5.930294e-01,8.476633e-01,2.841572e-01,5.229127e-01,8.886368e-01,7.982134e-01
9.020808e-01,5.644179e-01,1.741637e-01,2.430616e-01,1.529751e-01,3.349735e-01,4.029170e-01,8.546342e-01,1.874107e-01,3.452076e-01,1.426158e-01,2.508513e-01,9.836501e-01,9.647143e-01,8.793507e-01,5.952206e-01,4.696599e-01,9.828143e-01,4.652236e-01,5.599337e-01,6.845358e-01,3.412167e-01,7.083048e-01,1.562407e-01,8.393813e-01,6.699472e-01,8.536472e-01
9.056170e-01,6.200802e-01,8.328676e-02,9.101744e-01,6.733553e-02,5.629655e-02,7.179638e-01,4.138423e-01,4.346844e-01,4.780036e-01,6.296882e-01,7.174117e-01,4.785386e-01,1.271760e-01,6.981012e-01,6.267330e-01,3.780433e-01,5.551454e-01,4.162412e-01,7.642367e-01,9.740880e-01,7.790461e-01,1.033464e-01,5.031456e-02,9.413690e-01,8.683444e-01,2.362656e-01
9.142666e-01,4.462800e-02,3.065799e-01,4.172998e-01,9.551675e-01,7.869567e-02,4.151944e-01,1.169036e-01,7.792325e-01,9.051843e-01,5.839390e-01,2.420206e-01,4.531826e-01,3.938250e-01,6.063710e-02,3.582661e-01,8.775858e-01,1.695130e-01,7.795822e-01,6.946033e-01,8.352691e-01,6.314219e-01,7.479389e-01,1.377005e-01,8.642598e-01,2.432429e-01,2.067935e-01
9.178370e-01,9.242575e-01,2.116656e-01,5.171643e-01,7.331829e-01,8.620105e-01,2.181812e-02,6.035842e-01,9.269810e-03,3.389594e-01,2.254708e-01,6.512024e-01,5.510652e-01,8.249026e-01,4.136820e-01,3.151916e-01,7.968215e-01,2.921847e-01,9.763330e-02,4.542886e-01,4.967804e-01,7.095213e-01,4.903429e-01,4.523045e-01,2.844852e-01,3.063640e-01,3.407824e-01
9.203609e-01,8.274721e-01,9.365355e-01,9.997616e-02,5.481219e-01,2.308046e-01,2.702360e-01,9.676574e-01,1.338902e-01,5.942309e-01,8.126357e-01,5.490769e-01,1.795305e-01,5.012343e-01,5.815622e-01,2.148413e-01,1.624150e-01,1.077767e-03,5.642960e-01,1.891669e-01,5.765814e-01,6.540984e-01,5.213802e-01,4.109201e-01,3.569539e-01,3.544794e-01,6.815132e-01
9.273291e-01,2.382615e-02,3.510944e-01,1.983842e-01,9.324487e-01,5.048352e-01,2.854870e-01,3.793018e-01,8.125508e-01,5.103126e-02,7.498788e-01,1.918208e-01,6.053894e-02,8.891740e-01,4.851899e-01,8.717202e-01,8.067122e-01,1.026564e-01,1.260490e-01,7.399766e-01,8.138408e-01,2.891488e-01,7.417788e-02,2.005639e-01,7.958787e-01,5.892569e-01,2.292312e-01
9.320468e-01,5.003784e-01,8.970714e-01,4.961709e-01,5.718715e-01,6.019521e-01,6.631414e-01,3.043751e-01,7.001546e-01,5.729318e-01,3.555706e-02,5.153738e-02,5.196957e-01,6.883726e-01,8.011617e-02,1.211228e-01,1.376809e-01,4.597382e-01,7.209609e-01,9.902501e-01,2.340188e-01,2.625817e-02,6.695991e-01,5.020711e-01,4.742555e-01,8.248639e-01,9.635880e-01
9.358508e-01,5.464057e-01,3.737275e-01,4.761536e-01,7.436277e-01,4.120434e-02,8.785375e-01,9.590504e-02,8.779420e-01,6.534104e-01,1.515697e-01,5.404950e-01,1.931744e-01,1.682640e-01,8.105494e-01,3.379226e-01,1.472566e-01,6.309924e-01,8.441032e-01,2.104507e-01,1.576753e-01,4.521384e-01,2.834298e-01,3.178576e-01,8.001300e-01,8.585771e-01,4.738239e-01
9.449982e-01,3.063841e-01,1.930324e-01,5.221638e-01,2.502111e-01,7.672500e-01,9.838179e-02,8.089832e-01,7.481761e-01,4.673324e-01,3.253414e-01,7.537121e-01,1.272909e-01,8.824152e-01,9.183889e-01,9.460674e-01,9.989844e-01,8.114128e-01,7.311654e-01,9.065890e-01,2.126291e-01,9.878703e-01,3.324719e-02,2.207863e-01,1.260686e-01,2.847665e-01,7.897163e-01
9.458256e-01,6.333182e-01,1.823264e-01,3.414983e-01,3.425246e-02,4.753575e-01,9.357970e-01,8.808716e-02,7.503183e-01,8.446504e-01,7.812664e-01,4.583557e-02,7.865890e-02,6.272026e-01,4.647411e-01,5.458006e-01,4.758657e-01,2.695807e-01,7.001910e-01,7.577930e-02,9.060578e-02,9.191546e-01,9.184116e-01,6.451508e-01,8.531555e-01,3.597146e-01,1.425963e-01
9.517403e-01,1.989709e-01,6.969429e-01,6.248817e-01,6.650588e-01,8.686445e-01,9.793769e-01,2.129316e-01,4.913568e-01,7.159905e-01,6.804769e-01,3.449857e-01,1.152935e-01,1.736969e-01,5.986571e-01,3.959014e-01,4.634838e-01,1.104662e-01,8.161146e-01,2.021987e-01,4.683208e-01,5.349162e-01,6.225829e-01,2.741609e-01,7.621951e-01,5.660807e-01,8.393093e-01
9.562769e-01,7.686339e-01,9.964301e-01,3.353682e-01,1.792946e-01,9.116752e-01,3.567692e-01,2.186824e-01,3.325613e-02,4.339529e-02,1.751781e-02,8.105121e-01,8.002971e-01,3.783495e-01,7.310280e-01,8.032859e-01,7.503609e-01,1.779450e-02,2.474783e-01,6.638651e-01,5.723516e-01,1.912168e-01,6.392796e-01,8.778906e-01,6.057622e-01,3.822241e-01,1.341883e-02
9.646078e-01,1.576474e-02,8.628412e-01,7.169499e-02,8.286725e-01,9.215575e-01,8.056744e-01,6.731115e-02,3.313438e-01,1.297326e-01,7.420555e-01,4.627634e-01,7.319378e-02,7.021677e-01,5.210388e-01,5.183655e-01,4.070530e-01,1.376943e-01,8.310040e-01,6.988901e-02,6.739034e-01,4.452628e-01,4.631629e-01,5.974860e-01,7.274943e-02,6.870562e-01,8.153157e-01
9.699558e-01,3.716492e-01,8.200850e-01,1.926893e-02,2.311491e-01,6.079793e-01,4.425170e-01,6.171445e-01,5.282811e-01,6.457044e-01,9.831399e-01,3.003583e-01,4.173918e-02,4.310665e-01,7.856510e-01,8.814173e-01,1.249621e-01,2.214984e-01,1.103064e-01,8.377050e-01,2.201840e-01,3.218984e-01,9.561373e-01,1.852545e-01,2.165647e-01,9.449749e-01,6.354925e-01
9.726778e-01,9.837778e-01,9.415092e-01,6.179028e-01,6.746282e-01,3.508697e-01,5.981723e-01,5.595844e-01,2.484314e-01,6.871097e-01,9.638009e-01,3.712652e-01,2.087167e-01,9.571647e-01,7.787332e-01,2.385216e-01,9.904758e-01,5.883852e-01,1.768962e-01,3.044759e-01,7.484077e-02,2.526152e-01,6.960706e-01,3.017567e-01,2.018991e-01,4.672066e-01,9.776033e-01
9.788362e-01,4.719924e-01,7.871901e-01,2.536862e-01,8.902959e-01,8.280777e-01,3.601015e-01,4.328840e-01,8.014632e-01,9.792405e-01,6.892222e-01,7.489835e-01,3.836050e-01,5.105039e-01,7.909821e-01,7.435089e-01,4.524279e-01,3.279112e-01,7.499753e-01,6.829778e-01,1.137321e-01,8.011920e-01,3.242966e-01,2.123984e-01,6.358845e-01,4.798092e-01,9.662464e-01
9.837127e-01,8.432975e-02,9.522649e-01,7.565426e-01,6.266287e-01,2.554928e-01,9.174102e-01,4.055382e-01,9.691133e-01,9.672078e-01,3.518941e-01,1.394821e-01,8.563333e-02,3.799404e-02,1.481135e-01,2.190832e-01,1.668541e-01,7.378591e-01,5.439508e-01,6.548415e-01,6.881316e-01,9.485207e-01,4.459044e-01,3.105665e-01,8.242666e-01,2.830968e-02,6.773955e-01
9.885548e-01,2.233620e-01,4.575785e-01,8.152943e-01,4.255110e-01,3.455419e-01,9.255761e-01,4.358347e-01,9.828870e-01,6.053983e-01,7.755308e-01,3.658147e-01,4.270266e-01,7.231138e-01,5.433862e-01,1.312506e-01,6.407930e-02,6.374788e-01,3.681544e-01,1.996792e-01,4.826683e-01,4.897470e-01,1.679751e-01,7.786334e-01,6.344674e-01,3.314159e-01,5.334677e-01
9.931717e-01,2.073605e-01,6.901260e-01,9.470491e-01,8.546768e-01,7.562593e-01,7.987429e-02,5.155537e-01,4.803194e-01,8.220377e-01,3.771442e-01,2.145927e-02,7.639360e-01,3.846015e-01,7.738688e-01,7.097558e-01,4.129621e-01,7.624261e-01,9.990099e-01,9.367980e-01,7.572726e-01,6.741624e-01,2.694381e-01,3.361365e-01,3.769991e-02,1.037783e-01,1.189373e-01
9.967189e-01,3.322017e-01,4.958992e-01,4.372348e-01,9.238234e-01,8.187003e-02,1.161837e-01,7.740915e-01,5.514180e-01,7.702234e-01,9.481317e-01,2.703904e-01,6.845908e-01,6.758305e-01,8.224119e-03,6.223254e-01,5.582432e-01,8.669206e-01,5.841546e-01,3.838459e-02,5.879847e-01,1.125679e-01,5.523238e-01,6.006947e-01,4.141548e-01,2.188862e-01,3.632362e-01
